City,Lat,Lng,Max Temp,Humidity,Cloudiness,Country,Windspeed,Date
Oromocto,45.84,-66.48,52.0,71,90,CA,5.82,1603471314
Saint george,32.38,-64.68,80.01,83,75,BM,19.46,1603471314
Qaanaaq,77.48,-69.36,20.05,94,100,GL,9.6,1603471314
Arman,59.7,150.17,36.14,85,100,RU,10.25,1603471314
Bredasdorp,-34.53,20.04,72.0,77,41,ZA,4,1603471315
Ushuaia,-54.8,-68.3,48.2,53,20,AR,18.34,1603471261
Jamestown,-15.94,-5.72,60.24,91,17,SH,14.58,1603471315
Nikolskoye,59.7,30.79,50.0,87,75,RU,11.18,1603471315
Jamestown,-15.94,-5.72,60.24,91,17,SH,14.58,1603471315
Hermanus,-34.42,19.23,72.0,77,15,ZA,4,1603471315
Kodiak,57.79,-152.41,44.6,93,90,US,27.51,1603471315
Wattegama,6.8,81.48,82.4,78,0,LK,10.29,1603471316
Chapada dos guimaraes,-15.46,-55.75,93.2,41,75,BR,4.7,1603471316
Agirish,61.92,63.02,21.85,96,0,RU,4.88,1603471316
Rikitea,-23.12,-134.97,73.81,79,39,PF,4.61,1603471316
Hermanus,-34.42,19.23,72.0,77,15,ZA,4,1603471315
Auki,-8.77,160.7,76.98,82,73,SB,3.76,1603471316
Ushuaia,-54.8,-68.3,48.2,53,20,AR,18.34,1603471261
Howick,-29.48,30.23,68.0,92,3,ZA,1.01,1603471317
Tasiilaq,65.61,-37.64,35.6,51,75,GL,5.82,1603471317
Khatanga,71.97,102.5,6.91,95,100,RU,6.04,1603471317
Svolvaer,68.23,14.57,35.6,74,20,NO,8.05,1603471317
Porto novo,17.02,-25.06,87.8,58,40,CV,26.4,1603471317
Tumbagaan,5.37,120.31,81.46,79,86,PH,4.14,1603471317
Sioux lookout,50.1,-91.92,30.2,63,75,CA,9.17,1603471318
Zemio,5.03,25.14,72.88,92,92,CF,2.71,1603471318
Imeni poliny osipenko,52.42,136.49,31.86,92,100,RU,29.84,1603471318
Jamestown,-15.94,-5.72,60.24,91,17,SH,14.58,1603471315
Iberia,-11.35,-69.58,95.61,34,91,PE,0.92,1603471318
East london,-33.02,27.91,71.6,83,20,ZA,17.22,1603471318
Daan,33.06,106.3,51.01,74,26,CN,2.8,1603471319
Rikitea,-23.12,-134.97,73.81,79,39,PF,4.61,1603471316
Qaanaaq,77.48,-69.36,20.05,94,100,GL,9.6,1603471314
Sukagawa,37.28,140.38,60.01,82,0,JP,1.01,1603471268
Avarua,-21.21,-159.78,73.4,78,94,CK,13.87,1603471319
Puerto ayora,-0.74,-90.35,75.2,78,75,EC,12.75,1603471319
Rikitea,-23.12,-134.97,73.81,79,39,PF,4.61,1603471316
Butaritari,3.07,172.79,81.93,73,92,KI,12.57,1603471319
Aklavik,68.22,-135.01,28.4,92,75,CA,3.36,1603471319
Port lincoln,-34.73,135.87,53.62,75,39,AU,14.85,1603471320
Birao,10.28,22.79,83.25,41,62,CF,1.54,1603471320
Vostok,46.49,135.88,24.94,100,100,RU,17.02,1603471320
Sao filipe,14.9,-24.5,81.37,73,2,CV,13.76,1603471320
Bredasdorp,-34.53,20.04,72.0,77,41,ZA,4,1603471315
Belawan,3.78,98.68,77.0,100,40,ID,4.7,1603471321
Nuuk,64.18,-51.72,30.2,63,75,GL,10.29,1603471321
Ancud,-41.87,-73.82,59.0,71,75,CL,12.75,1603471321
Rikitea,-23.12,-134.97,73.81,79,39,PF,4.61,1603471316
Ko samui,9.54,99.94,81.75,78,100,TH,8.21,1603471289
Hithadhoo,-0.6,73.08,82.83,77,0,MV,11.39,1603471152
Plettenberg bay,-34.05,23.37,66.42,88,19,ZA,5.93,1603471382
Yellowknife,62.46,-114.35,23.0,92,75,CA,8.05,1603471339
Humaita,-7.51,-63.02,83.28,85,87,BR,5.66,1603471341
Sibolga,1.74,98.78,78.33,81,100,ID,2.66,1603471382
Avarua,-21.21,-159.78,73.4,78,94,CK,13.87,1603471319
Severo-kurilsk,50.68,156.12,45.7,85,100,RU,21.09,1603471383
Bethel,41.37,-73.41,64.4,93,90,US,8.05,1603471383
Ushuaia,-54.8,-68.3,48.2,53,20,AR,18.34,1603471261
Novi sanzhary,49.34,34.31,58.1,47,82,UA,6.46,1603471383
Busselton,-33.65,115.33,57.0,41,0,AU,13.4,1603471383
Busselton,-33.65,115.33,57.0,41,0,AU,13.4,1603471383
Oistins,13.07,-59.53,87.8,66,40,BB,24.16,1603471383
Muisne,0.6,-80.03,82.4,78,40,EC,8.05,1603471384
Andilamena,-17.02,48.58,64.02,83,40,MG,11.5,1603471384
Saint-philippe,-21.36,55.77,73.4,78,0,RE,14.99,1603471384
Dalby,-27.18,151.27,68.0,74,100,AU,1.99,1603471384
Hithadhoo,-0.6,73.08,82.83,77,0,MV,11.39,1603471152
Yellowknife,62.46,-114.35,23.0,92,75,CA,8.05,1603471339
Kapaa,22.08,-159.32,73.4,94,20,US,3.36,1603471384
Kenai,60.55,-151.26,37.0,55,90,US,6.93,1603471384
Albany,-35.02,117.89,48.2,87,90,AU,4.97,1603471384
Rikitea,-23.12,-134.97,73.81,79,39,PF,4.61,1603471316
Provideniya,64.38,-173.3,33.64,91,100,RU,14.61,1603471385
Buala,-8.14,159.59,79.99,80,16,SB,5.55,1603471385
Albany,-35.02,117.89,48.2,87,90,AU,4.97,1603471384
Atuona,-9.8,-139.03,77.54,79,21,PF,21.72,1603471342
Saint-augustin,51.23,-58.65,40.57,63,62,CA,7.38,1603471385
Altay,47.87,88.12,44.11,57,97,CN,0.58,1603471385
Johi,26.69,67.61,80.42,13,0,PK,5.68,1603471386
Vaini,-21.2,-175.2,69.8,94,20,TO,6.93,1603471386
Puerto ayora,-0.74,-90.35,75.2,78,75,EC,12.75,1603471319
Clyde river,70.47,-68.59,19.4,85,90,CA,5.82,1603471305
Faanui,-16.48,-151.75,78.48,76,67,PF,12.64,1603471386
Yellowknife,62.46,-114.35,23.0,92,75,CA,8.05,1603471339
Hermanus,-34.42,19.23,72.0,77,15,ZA,4,1603471315
Bondo,3.81,23.69,73.49,88,65,CD,1.77,1603471386
Ostrovnoy,68.05,39.51,30.2,98,100,RU,10.4,1603471386
Hobart,-42.88,147.33,54.0,81,90,AU,2.53,1603471223
Chokurdakh,70.63,147.92,6.6,91,44,RU,6.06,1603471387
Rikitea,-23.12,-134.97,73.81,79,39,PF,4.61,1603471316
Leningradskiy,69.38,178.42,23.5,90,0,RU,4.63,1603471387
Sibolga,1.74,98.78,78.33,81,100,ID,2.66,1603471382
Stornoway,58.21,-6.39,46.4,87,40,GB,8.05,1603471387
Kununurra,-15.77,128.73,84.2,66,84,AU,3.36,1603471387
Margate,-30.86,30.37,71.53,84,32,ZA,20.74,1603471387
Puerto ayora,-0.74,-90.35,75.2,78,75,EC,12.75,1603471319
Karasburg,-28.02,18.75,88.79,19,99,NA,23.67,1603471388
Bredasdorp,-34.53,20.04,72.0,77,41,ZA,4,1603471315
Puerto ayora,-0.74,-90.35,75.2,78,75,EC,12.75,1603471319
Kodiak,57.79,-152.41,44.6,93,90,US,27.51,1603471315
Hobart,-42.88,147.33,54.0,81,90,AU,2.53,1603471223
Shulan,44.42,126.95,29.64,85,0,CN,8.48,1603471448
Rikitea,-23.12,-134.97,73.81,79,39,PF,4.61,1603471316
Ushuaia,-54.8,-68.3,48.2,53,20,AR,18.34,1603471261
Punta arenas,-53.15,-70.92,44.6,70,75,CL,6.93,1603471448
Santa fe,8.65,-78.15,84.34,81,65,PA,3.51,1603471449
Souillac,-20.52,57.52,75.2,69,40,MU,11.41,1603471449
Rio grande,-32.03,-52.1,78.01,78,100,BR,1.01,1603471390
Provideniya,64.38,-173.3,33.64,91,100,RU,14.61,1603471385
Gorshechnoye,51.52,38.04,55.35,75,100,RU,10.87,1603471449
Cape town,-33.93,18.42,66.99,88,75,ZA,11.41,1603471352
Ribeira grande,38.52,-28.7,69.8,68,40,PT,14.99,1603471449
Ponta do sol,32.67,-17.1,69.8,56,40,PT,16.11,1603471449
Pangkalanbuun,-2.68,111.62,75.25,94,100,ID,0.98,1603471450
Mar del plata,-38,-57.56,60.8,87,75,AR,5.82,1603471155
Iqaluit,63.75,-68.51,30.2,80,90,CA,6.93,1603471450
Lebu,-37.62,-73.65,55.63,63,96,CL,7.47,1603471450
Puerto ayora,-0.74,-90.35,75.2,78,75,EC,12.75,1603471319
Arraial do cabo,-22.97,-42.03,78.8,57,20,BR,18.34,1603471450
Ushuaia,-54.8,-68.3,48.2,53,20,AR,18.34,1603471261
Sigulda,57.15,24.86,50.0,92,72,LV,5.99,1603471450
Severo-kurilsk,50.68,156.12,45.7,85,100,RU,21.09,1603471383
Port alfred,-33.59,26.89,75.99,70,65,ZA,11.21,1603471451
Bluff,-46.6,168.33,50.94,75,96,NZ,14.07,1603471451
Bintulu,3.17,113.03,77.0,94,40,MY,4.7,1603471451
Fairbanks,64.84,-147.72,18.0,84,1,US,4.76,1603471313
Akhisar,38.92,27.84,69.33,54,0,TR,3.71,1603471451
Linguere,15.4,-15.12,103.14,10,0,SN,8.88,1603471451
Araguaina,-7.19,-48.21,90.07,45,100,BR,6.4,1603471451
Klaksvik,62.23,-6.59,44.6,93,100,FO,9.17,1603471451
Manakara,-22.13,48.02,72.07,86,1,MG,6.22,1603471451
Khatanga,71.97,102.5,6.91,95,100,RU,6.04,1603471317
Hamilton,32.29,-64.78,80.01,83,75,BM,19.46,1603471452
Oussouye,12.48,-16.55,87.8,79,20,SN,4.7,1603471452
Georgetown,-7.93,-14.42,74.12,79,100,SH,16.42,1603471452
Gamba,-2.65,10,77.83,84,100,GA,8.37,1603471452
Svetlyy,54.67,20.13,53.6,81,75,RU,6.71,1603471452
Waipawa,-41.41,175.52,57.2,71,35,NZ,18.34,1603471452
Punta arenas,-53.15,-70.92,44.6,70,75,CL,6.93,1603471448
Vaini,-21.2,-175.2,69.8,94,20,TO,6.93,1603471386
Tuktoyaktuk,69.45,-133.04,23.0,85,75,CA,10.29,1603471452
Gua musang,4.88,101.96,74.95,91,100,MY,1.34,1603471453
Hermanus,-34.42,19.23,72.0,77,15,ZA,4,1603471315
Ilulissat,69.22,-51.1,21.2,67,75,GL,5.82,1603471453
Comodoro rivadavia,-45.87,-67.5,69.8,35,0,AR,6.93,1603471453
Shingu,33.73,135.98,52.9,83,0,JP,6.2,1603471453
Yellowknife,62.46,-114.35,23.0,92,75,CA,8.05,1603471339
Raudeberg,61.99,5.14,43.0,73,100,NO,10.04,1603471453
Qaanaaq,77.48,-69.36,20.05,94,100,GL,9.6,1603471314
Rikitea,-23.12,-134.97,73.81,79,39,PF,4.61,1603471316
Nalut,30.33,10.85,80.06,22,0,LY,6.96,1603471513
San patricio,19.22,-104.7,89.6,75,40,MX,2.89,1603471514
Lebu,-37.62,-73.65,55.63,63,96,CL,7.47,1603471450
Kodiak,57.79,-152.41,44.6,93,90,US,27.51,1603471315
Provideniya,64.38,-173.3,33.64,91,100,RU,14.61,1603471385
Tasiilaq,65.61,-37.64,35.6,51,75,GL,5.82,1603471317
Jardim,-21.48,-56.14,91.45,45,47,BR,5.17,1603471515
Anadyr,64.75,177.48,24.8,100,75,RU,4.47,1603471515
Vaini,-21.2,-175.2,69.8,94,20,TO,6.93,1603471386
Basqal,40.76,48.39,55.4,87,0,AZ,5.82,1603471515
Castro,-42.47,-73.77,59.0,71,75,CL,12.75,1603471515
Punta arenas,-53.15,-70.92,44.6,70,75,CL,6.93,1603471448
Upernavik,72.79,-56.15,21.42,96,100,GL,8.48,1603471515
Tabou,4.42,-7.35,79.79,83,78,CI,6.62,1603471515
Hithadhoo,-0.6,73.08,82.83,77,0,MV,11.39,1603471152
Ponta do sol,17.2,-25.09,87.8,58,40,CV,26.4,1603471516
Rio gallegos,-51.62,-69.22,51.8,71,40,AR,5.82,1603471345
Chongwe,-15.33,28.68,75.92,29,0,ZM,5.53,1603471516
Viedma,-40.81,-63,77.0,52,0,AR,5.01,1603471516
Port elizabeth,-33.92,25.57,68.0,82,0,ZA,18.34,1603471516
Jamestown,-15.94,-5.72,60.24,91,17,SH,14.58,1603471315
Dikson,73.51,80.55,23.43,95,100,RU,15.28,1603471516
Clyde river,70.47,-68.59,19.4,85,90,CA,5.82,1603471305
Mizdah,31.45,12.98,71.13,29,0,LY,9.24,1603471517
Kupang,-10.17,123.58,79.43,80,77,ID,4.41,1603471517
Aleksandrov gay,50.15,48.57,54.28,81,95,RU,11.52,1603471517
Sorland,67.67,12.69,41.0,80,40,NO,17.22,1603471517
Reims,49.17,4.08,62.6,77,47,FR,6.93,1603471517
Karratha,-20.74,116.85,69.37,67,0,AU,16.17,1603471384
Hami,42.8,93.45,48.22,42,1,CN,4.36,1603471518
Busselton,-33.65,115.33,57.0,41,0,AU,13.4,1603471383
Mar del plata,-38,-57.56,60.8,87,75,AR,5.82,1603471155
Busselton,-33.65,115.33,57.0,41,0,AU,13.4,1603471383
Port alfred,-33.59,26.89,75.99,70,65,ZA,11.21,1603471451
Rikitea,-23.12,-134.97,73.81,79,39,PF,4.61,1603471316
Saskylakh,71.92,114.08,20.52,97,100,RU,8.57,1603471518
Kaitangata,-46.28,169.85,48.81,93,93,NZ,3.85,1603471518
Hilo,19.73,-155.09,71.6,78,1,US,3.36,1603471381
Hithadhoo,-0.6,73.08,82.83,77,0,MV,11.39,1603471152
Ushuaia,-54.8,-68.3,48.2,53,20,AR,18.34,1603471261
Tuy hoa,13.08,109.3,73.0,82,100,VN,5.48,1603471519
Qaanaaq,77.48,-69.36,20.05,94,100,GL,9.6,1603471314
Albany,-35.02,117.89,48.2,87,90,AU,4.97,1603471384
Rikitea,-23.12,-134.97,73.81,79,39,PF,4.61,1603471316
Vaini,-21.2,-175.2,69.8,94,20,TO,6.93,1603471386
Ushuaia,-54.8,-68.3,48.2,53,20,AR,18.34,1603471261
Ushuaia,-54.8,-68.3,48.2,53,20,AR,18.34,1603471261
Barrow,71.29,-156.79,32.0,98,90,US,6.93,1603471520
Jingdezhen,29.29,117.21,50.02,71,13,CN,4.7,1603471520
San patricio,19.22,-104.7,89.6,75,40,MX,2.89,1603471514
Kapaa,22.08,-159.32,73.4,94,20,US,3.36,1603471384
Penzance,50.12,-5.54,53.6,71,40,GB,12.75,1603471580
Cherskiy,68.75,161.3,17.83,94,81,RU,5.03,1603471580
Tasiilaq,65.61,-37.64,35.6,51,75,GL,5.82,1603471317
Floro,61.6,5.03,46.4,65,75,NO,12.75,1603471581
Antsohihy,-14.88,47.99,81.14,49,59,MG,6.96,1603471581
Blind river,46.18,-82.96,42.8,93,90,CA,12.75,1603471581
Rikitea,-23.12,-134.97,73.81,79,39,PF,4.61,1603471316
Bluff,-46.6,168.33,50.94,75,96,NZ,14.07,1603471451
Qaanaaq,77.48,-69.36,20.05,94,100,GL,9.6,1603471314
Riverton,-46.35,168.02,47.43,80,97,NZ,8.97,1603471582
Atuona,-9.8,-139.03,77.54,79,21,PF,21.72,1603471342
Busselton,-33.65,115.33,57.0,41,0,AU,13.4,1603471383
Punta arenas,-53.15,-70.92,44.6,70,75,CL,6.93,1603471448
Clarence town,23.1,-74.98,81.97,79,100,BS,17.63,1603471582
Hilo,19.73,-155.09,71.6,78,1,US,3.36,1603471381
Oxford,39.51,-84.75,75.99,88,75,US,13.87,1603471582
Puerto del rosario,28.5,-13.86,73.4,60,20,ES,14.99,1603471582
Ponta do sol,17.2,-25.09,87.8,58,40,CV,26.4,1603471516
Severo-yeniseyskiy,60.37,93.04,26.53,99,72,RU,2.84,1603471582
Saint-augustin,51.23,-58.65,40.57,63,62,CA,7.38,1603471385
Cidreira,-30.18,-50.21,70.59,82,100,BR,17.22,1603471583
Andenes,69.31,16.12,37.4,86,75,NO,13.87,1603471583
Busselton,-33.65,115.33,57.0,41,0,AU,13.4,1603471383
Xining,36.62,101.77,44.47,56,86,CN,2.19,1603471583
Punta arenas,-53.15,-70.92,44.6,70,75,CL,6.93,1603471448
Rikitea,-23.12,-134.97,73.81,79,39,PF,4.61,1603471316
Hobart,-42.88,147.33,54.0,81,90,AU,2.53,1603471223
Mutare,-18.97,32.67,69.75,53,9,ZW,5.03,1603471583
Altinopolis,-21.03,-47.37,84.2,45,75,BR,9.17,1603471584
Axim,4.87,-2.24,80.35,81,98,GH,8.23,1603471584
Kapaa,22.08,-159.32,73.4,94,20,US,3.36,1603471384
Banfora,10.63,-4.77,90.07,40,36,BF,4.05,1603471584
Bud,62.91,6.91,35.6,64,0,NO,8.05,1603471585
Cape town,-33.93,18.42,66.99,88,75,ZA,11.41,1603471352
Hilo,19.73,-155.09,71.6,78,1,US,3.36,1603471381
Port elizabeth,-33.92,25.57,68.0,82,0,ZA,18.34,1603471516
Port elizabeth,-33.92,25.57,68.0,82,0,ZA,18.34,1603471516
Manokwari,-0.87,134.08,80.53,78,70,ID,1.9,1603471585
Marinhais,39.05,-8.7,68.0,52,40,PT,9.17,1603471585
Ostrovnoy,68.05,39.51,30.2,98,100,RU,10.4,1603471386
Omsukchan,62.53,155.8,19.49,88,38,RU,6.11,1603471585
Mezen,65.85,44.24,27.86,98,100,RU,12.57,1603471585
Ketchikan,55.34,-131.65,39.2,51,1,US,8.05,1603471309
Ushuaia,-54.8,-68.3,48.2,53,20,AR,18.34,1603471261
Buenaventura,3.88,-77.03,79.74,90,100,CO,8.52,1603471586
Mogadishu,2.04,45.34,80.65,83,76,SO,15.86,1603471524
Bjornevatn,69.67,29.98,32.0,97,90,NO,11.41,1603471586
Puerto maldonado,-12.6,-69.18,89.6,55,0,PE,5.82,1603471586
Kaputa,-8.47,29.66,79.72,53,5,ZM,4.43,1603471587
Matadi,-5.82,13.45,83.59,67,67,CD,11.18,1603471647
Nikolskoye,59.7,30.79,50.0,87,75,RU,11.18,1603471315
Port alfred,-33.59,26.89,75.99,70,65,ZA,11.21,1603471451
Hailar,49.2,119.7,25.83,93,0,CN,5.53,1603471648
Zhaotong,27.32,103.72,49.68,73,64,CN,1.74,1603471648
Saint-augustin,51.23,-58.65,40.57,63,62,CA,7.38,1603471385
Mogadishu,2.04,45.34,80.65,83,76,SO,15.86,1603471524
Eidsvag,62.78,8.07,37.4,64,0,NO,11.41,1603471648
Tallahassee,30.44,-84.28,82.99,65,75,US,10.29,1603471648
Geraldton,-28.77,114.6,66.2,59,0,AU,12.75,1603471649
Ushuaia,-54.8,-68.3,48.2,53,20,AR,18.34,1603471261
Jamestown,-15.94,-5.72,60.24,91,17,SH,14.58,1603471315
Tynda,55.17,124.72,13.75,94,1,RU,2.19,1603471649
Chirongui,-12.93,45.15,80.6,78,90,YT,4.7,1603471649
Khandyga,62.67,135.6,9.88,93,0,RU,1.5,1603471649
Hithadhoo,-0.6,73.08,82.83,77,0,MV,11.39,1603471152
Busselton,-33.65,115.33,57.0,41,0,AU,13.4,1603471383
Kyra,49.58,111.98,30.4,88,0,RU,2.77,1603471649
Ugep,5.81,8.08,79.43,87,99,NG,3.98,1603471649
Vaini,-21.2,-175.2,69.8,94,20,TO,6.93,1603471386
Hermanus,-34.42,19.23,72.0,77,15,ZA,4,1603471315
Iquitos,-3.75,-73.25,84.2,74,40,PE,3.36,1603471650
Bathsheba,13.22,-59.52,87.8,66,40,BB,24.16,1603471650
Busselton,-33.65,115.33,57.0,41,0,AU,13.4,1603471383
Poum,-20.23,164.02,76.17,76,1,NC,6.33,1603471650
Busselton,-33.65,115.33,57.0,41,0,AU,13.4,1603471383
New norfolk,-42.78,147.06,54.0,80,100,AU,2.21,1603471650
Punta arenas,-53.15,-70.92,44.6,70,75,CL,6.93,1603471448
Bambous virieux,-20.34,57.76,75.2,69,40,MU,11.41,1603471650
Castro,-42.47,-73.77,59.0,71,75,CL,12.75,1603471515
Carnarvon,-24.87,113.63,69.8,68,0,AU,11.41,1603471651
Piacabucu,-10.41,-36.43,83.16,64,6,BR,12.17,1603471651
Belmonte,-15.86,-38.88,73.4,88,90,BR,8.05,1603471376
Merauke,-8.47,140.33,77.99,86,30,ID,12.06,1603471651
Ocos,14.51,-92.19,86.0,79,40,GT,6.44,1603471651
Avarua,-21.21,-159.78,73.4,78,94,CK,13.87,1603471319
Jamestown,-15.94,-5.72,60.24,91,17,SH,14.58,1603471315
Koshurnikovo,54.17,93.3,31.19,99,82,RU,2.13,1603471651
Thompson,55.74,-97.86,21.2,73,90,CA,10.29,1603471651
Cidreira,-30.18,-50.21,70.59,82,100,BR,17.22,1603471583
Kilindoni,-7.91,39.67,80.35,79,53,TZ,15.14,1603471652
Guaratinga,-16.57,-39.57,73.4,88,90,BR,8.05,1603471652
Karitsa,40.19,22.48,66.0,63,0,GR,1.01,1603471652
Minbu,20.18,94.88,75.92,91,81,MM,7.4,1603471652
Arraial do cabo,-22.97,-42.03,78.8,57,20,BR,18.34,1603471450
Bilibino,68.05,166.44,16.29,90,39,RU,1.03,1603471652
Ekhabi,53.51,142.97,46.69,92,100,RU,31.52,1603471652
Mount isa,-20.73,139.5,68.0,82,26,AU,2.24,1603471652
Bredasdorp,-34.53,20.04,72.0,77,41,ZA,4,1603471315
Ushuaia,-54.8,-68.3,48.2,53,20,AR,18.34,1603471261
Zdvinsk,54.7,78.66,32.2,90,100,RU,9.51,1603471713
Puerto ayora,-0.74,-90.35,75.2,78,75,EC,12.75,1603471319
Chokurdakh,70.63,147.92,6.6,91,44,RU,6.06,1603471387
Rauma,61.13,21.51,32.0,71,0,FI,4.7,1603471713
Hofn,64.25,-15.21,46.4,81,90,IS,18.34,1603471713
Saint-philippe,-21.36,55.77,73.4,78,0,RE,14.99,1603471384
Rikitea,-23.12,-134.97,73.81,79,39,PF,4.61,1603471316
Takaka,-40.85,172.8,52.0,87,17,NZ,3.83,1603471713
Avarua,-21.21,-159.78,73.4,78,94,CK,13.87,1603471319
Hanzhong,33.07,107.03,58.33,60,33,CN,2.46,1603471714
Coquimbo,-29.95,-71.34,55.4,82,90,CL,6.93,1603471714
Busselton,-33.65,115.33,57.0,41,0,AU,13.4,1603471383
Punta arenas,-53.15,-70.92,44.6,70,75,CL,6.93,1603471448
Ushuaia,-54.8,-68.3,48.2,53,20,AR,18.34,1603471261
Rikitea,-23.12,-134.97,73.81,79,39,PF,4.61,1603471316
Hithadhoo,-0.6,73.08,82.83,77,0,MV,11.39,1603471152
Hermanus,-34.42,19.23,72.0,77,15,ZA,4,1603471315
Torbay,47.67,-52.73,46.99,65,75,CA,11.41,1603471715
Severodvinsk,64.56,39.83,32.0,95,90,RU,6.71,1603471715
Yuzhno-kurilsk,44.03,145.86,56.01,91,86,RU,4.9,1603471715
Yellowknife,62.46,-114.35,23.0,92,75,CA,8.05,1603471339
Bethanien,-26.5,17.16,87.35,19,99,NA,13.29,1603471715
Ushuaia,-54.8,-68.3,48.2,53,20,AR,18.34,1603471261
Norman wells,65.28,-126.83,21.2,92,90,CA,4.7,1603471715
Inyonga,-6.72,32.07,79.97,36,24,TZ,3.27,1603471716
Hermanus,-34.42,19.23,72.0,77,15,ZA,4,1603471315
Tuktoyaktuk,69.45,-133.04,23.0,85,75,CA,10.29,1603471452
Bethel,41.37,-73.41,64.4,93,90,US,8.05,1603471383
Rikitea,-23.12,-134.97,73.81,79,39,PF,4.61,1603471316
Berezovka,57.61,57.31,23.41,93,1,RU,7.61,1603471716
Lerwick,60.15,-1.15,46.4,93,75,GB,16.11,1603471515
Atuona,-9.8,-139.03,77.54,79,21,PF,21.72,1603471342
Daru,-9.08,143.21,79.18,81,50,PG,10.38,1603471716
Mar del plata,-38,-57.56,60.8,87,75,AR,5.82,1603471155
Bandarbeyla,9.49,50.81,78.67,75,71,SO,6.44,1603471717
Bluff,-46.6,168.33,50.94,75,96,NZ,14.07,1603471451
Las animas,14.25,-86.57,87.67,56,83,HN,1.72,1603471717
Arraial do cabo,-22.97,-42.03,78.8,57,20,BR,18.34,1603471450
Ust-ilimsk,58,102.66,31.78,97,98,RU,2.91,1603471717
Cape town,-33.93,18.42,66.99,88,75,ZA,11.41,1603471352
Upernavik,72.79,-56.15,21.42,96,100,GL,8.48,1603471515
Jacareacanga,-6.22,-57.75,98.47,38,63,BR,2.39,1603471717
Carnarvon,-24.87,113.63,69.8,68,0,AU,11.41,1603471651
Constitucion,23.99,-104.67,72.0,45,5,MX,3.4,1603471717
Busselton,-33.65,115.33,57.0,41,0,AU,13.4,1603471383
Rikitea,-23.12,-134.97,73.81,79,39,PF,4.61,1603471316
Longyearbyen,78.22,15.64,17.6,78,20,SJ,3.36,1603471718
Tasiilaq,65.61,-37.64,35.6,51,75,GL,5.82,1603471317
Port keats,-14.25,129.55,81.36,79,46,AU,8.32,1603471718
Bilibino,68.05,166.44,16.29,90,39,RU,1.03,1603471652
Tasiilaq,65.61,-37.64,35.6,51,75,GL,5.82,1603471317
Ushuaia,-54.8,-68.3,48.2,53,20,AR,18.34,1603471261
Hobart,-42.88,147.33,54.0,81,90,AU,2.53,1603471223
Arman,59.7,150.17,36.14,85,100,RU,10.25,1603471314
Selishche,56.89,33.27,49.68,84,94,RU,11.27,1603471778
Pella,41.41,-92.92,37.99,100,90,US,16.11,1603471779
Leshukonskoye,64.9,45.76,27.91,98,100,RU,11.77,1603471779
Cherskiy,68.75,161.3,17.83,94,81,RU,5.03,1603471580
Rikitea,-23.12,-134.97,73.81,79,39,PF,4.61,1603471316
Vaini,-21.2,-175.2,69.8,94,20,TO,6.93,1603471386
Yellowknife,62.46,-114.35,23.0,92,75,CA,8.05,1603471339
Puerto ayora,-0.74,-90.35,75.2,78,75,EC,12.75,1603471319
Vung tau,10.35,107.08,79.14,84,100,VN,7.07,1603471779
Necochea,-38.55,-58.74,64.0,76,64,AR,3,1603471779
Sola,-13.88,167.55,78.66,85,71,VU,18.23,1603471779
Torbay,47.67,-52.73,46.99,65,75,CA,11.41,1603471715
Rawson,-43.3,-65.1,80.65,23,50,AR,12.77,1603471780
Hermanus,-34.42,19.23,72.0,77,15,ZA,4,1603471315
Fairbanks,64.84,-147.72,18.0,84,1,US,4.76,1603471313
Dalby,-27.18,151.27,68.0,74,100,AU,1.99,1603471384
Jiazi,22.88,116.07,70.18,54,100,CN,25.9,1603471780
Khatanga,71.97,102.5,6.91,95,100,RU,6.04,1603471317
Hilo,19.73,-155.09,71.6,78,1,US,3.36,1603471381
Albany,-35.02,117.89,48.2,87,90,AU,4.97,1603471384
Nikolskoye,59.7,30.79,50.0,87,75,RU,11.18,1603471315
Ushuaia,-54.8,-68.3,48.2,53,20,AR,18.34,1603471261
Grindu,44.77,26.92,62.6,55,5,RO,11.41,1603471781
Coruripe,-10.13,-36.18,82.99,64,36,BR,12.71,1603471781
Port alfred,-33.59,26.89,75.99,70,65,ZA,11.21,1603471451
Sao joao da barra,-21.64,-41.05,82.4,45,75,BR,11.41,1603471781
Jamestown,-15.94,-5.72,60.24,91,17,SH,14.58,1603471315
Rikitea,-23.12,-134.97,73.81,79,39,PF,4.61,1603471316
Show low,34.25,-110.03,66.2,34,1,US,10.29,1603471781
Ribeira grande,38.52,-28.7,69.8,68,40,PT,14.99,1603471449
General macarthur,11.25,125.54,75.97,91,100,PH,3.83,1603471781
Lorengau,-2.02,147.27,81.54,72,26,PG,4.94,1603471781
Jamestown,-15.94,-5.72,60.24,91,17,SH,14.58,1603471315
Yichang,30.71,111.28,61.65,55,100,CN,3.13,1603471782
Barrow,71.29,-156.79,32.0,98,90,US,6.93,1603471520
Caravelas,-17.71,-39.25,76.91,80,98,BR,5.99,1603471782
Punta arenas,-53.15,-70.92,44.6,70,75,CL,6.93,1603471448
Severo-kurilsk,50.68,156.12,45.7,85,100,RU,21.09,1603471383
Bathsheba,13.22,-59.52,87.8,66,40,BB,24.16,1603471650
Ushuaia,-54.8,-68.3,48.2,53,20,AR,18.34,1603471261
Saskylakh,71.92,114.08,20.52,97,100,RU,8.57,1603471518
Corbasca,46.28,27.17,55.4,71,0,RO,5.82,1603471783
Samarai,-10.62,150.67,79.95,86,69,PG,5.93,1603471783
Vila velha,-20.33,-40.29,78.01,73,40,BR,10.29,1603471749
Swindon,51.56,-1.78,53.6,66,1,GB,14.99,1603471541
Chokurdakh,70.63,147.92,6.6,91,44,RU,6.06,1603471387
Ushuaia,-54.8,-68.3,48.2,53,20,AR,18.34,1603471261
Busselton,-33.65,115.33,57.0,41,0,AU,13.4,1603471383
Bengkulu,-3.8,102.27,78.03,83,100,ID,3.96,1603471843
Busselton,-33.65,115.33,57.0,41,0,AU,13.4,1603471383
Trinidad,-33.54,-56.89,78.8,69,75,UY,5.26,1603471844
San quintin,30.48,-115.95,66.67,67,96,MX,6.62,1603471567
Atuona,-9.8,-139.03,77.54,79,21,PF,21.72,1603471342
Tautira,-17.73,-149.15,75.2,78,20,PF,2.24,1603471844
Meulaboh,4.14,96.13,79.18,84,99,ID,1.12,1603471844
Punta arenas,-53.15,-70.92,44.6,70,75,CL,6.93,1603471448
Luau,-10.71,22.22,74.89,61,56,AO,0.29,1603471844
Helong,42.54,129,29.71,80,0,CN,15.41,1603471844
Rikitea,-23.12,-134.97,73.81,79,39,PF,4.61,1603471316
Pasir gudang,1.46,103.88,82.4,88,75,MY,2.24,1603471845
Cape town,-33.93,18.42,66.99,88,75,ZA,11.41,1603471352
Kristiinankaupunki,62.27,21.38,39.24,75,0,FI,12.39,1603471845
Hilo,19.73,-155.09,71.6,78,1,US,3.36,1603471381
Hermanus,-34.42,19.23,72.0,77,15,ZA,4,1603471315
Boca do acre,-8.75,-67.4,95.74,44,89,BR,2.53,1603471845
Kang,-23.68,22.79,86.14,16,0,BW,6.08,1603471846
Iqaluit,63.75,-68.51,30.2,80,90,CA,6.93,1603471450
Cape town,-33.93,18.42,66.99,88,75,ZA,11.41,1603471352
Ouesso,1.61,16.05,75.74,90,82,CG,3.4,1603471846
Castro,-42.47,-73.77,59.0,71,75,CL,12.75,1603471515
Albany,-35.02,117.89,48.2,87,90,AU,4.97,1603471384
Marsh harbour,26.54,-77.06,80.02,76,27,BS,16.89,1603471846
Coquimbo,-29.95,-71.34,55.4,82,90,CL,6.93,1603471714
Narsaq,60.92,-46.05,28.4,68,75,GL,3.36,1603471847
Cabo san lucas,22.89,-109.91,90.0,66,5,MX,2.24,1603471749
Hobart,-42.88,147.33,54.0,81,90,AU,2.53,1603471223
Salta,-24.79,-65.41,80.6,47,40,AR,11.41,1603471847
Xai-xai,-25.05,33.64,70.92,79,0,MZ,9.24,1603471847
Korla,41.76,86.15,50.61,40,0,CN,5.73,1603471815
Tezu,27.92,96.17,69.44,87,100,IN,2.26,1603471847
Kavieng,-2.57,150.8,81.91,67,3,PG,5.35,1603471848
Longyearbyen,78.22,15.64,17.6,78,20,SJ,3.36,1603471718
Tiksi,71.69,128.87,17.74,97,100,RU,8.16,1603471831
Tigil,57.8,158.67,32.18,95,0,RU,2.82,1603471848
Butaritari,3.07,172.79,81.93,73,92,KI,12.57,1603471319
Saskylakh,71.92,114.08,20.52,97,100,RU,8.57,1603471518
Longyearbyen,78.22,15.64,17.6,78,20,SJ,3.36,1603471718
Hobart,-42.88,147.33,54.0,81,90,AU,2.53,1603471223
Rikitea,-23.12,-134.97,73.81,79,39,PF,4.61,1603471316
Kajaani,64.23,27.73,33.8,80,75,FI,10.29,1603471848
Vaini,-21.2,-175.2,69.8,94,20,TO,6.93,1603471386
Santa rosa,-36.62,-64.28,77.95,47,68,AR,9.53,1603471849
Kapaa,22.08,-159.32,73.4,94,20,US,3.36,1603471384
Saskylakh,71.92,114.08,20.52,97,100,RU,8.57,1603471518
Nakamura,32.98,132.93,52.3,72,0,JP,7.43,1603471849
Torbay,47.67,-52.73,46.99,65,75,CA,11.41,1603471715
Mocuba,-16.84,36.99,75.74,68,21,MZ,8.43,1603471909
San patricio,19.22,-104.7,89.6,75,40,MX,2.89,1603471514
Cape town,-33.93,18.42,66.99,88,75,ZA,11.41,1603471352
Hilo,19.73,-155.09,71.6,78,1,US,3.36,1603471381
Bredasdorp,-34.53,20.04,72.0,77,41,ZA,4,1603471315
Bredasdorp,-34.53,20.04,72.0,77,41,ZA,4,1603471315
Yellowknife,62.46,-114.35,23.0,92,75,CA,8.05,1603471339
Shelburne,44.08,-80.2,73.99,64,20,CA,17.22,1603471910
Avarua,-21.21,-159.78,73.4,78,94,CK,13.87,1603471319
Busselton,-33.65,115.33,57.0,41,0,AU,13.4,1603471383
Durazno,-33.41,-56.5,78.8,69,75,UY,4.9,1603471911
Kahului,20.89,-156.47,71.6,64,1,US,5.82,1603471825
Cotonou,6.37,2.42,81.32,81,89,BJ,10.54,1603471911
Rikitea,-23.12,-134.97,73.81,79,39,PF,4.61,1603471316
Ushuaia,-54.8,-68.3,48.2,53,20,AR,18.34,1603471261
Vestmannaeyjar,63.44,-20.27,44.6,87,75,IS,23.04,1603471911
Kapaa,22.08,-159.32,73.4,94,20,US,3.36,1603471384
Punta arenas,-53.15,-70.92,44.6,70,75,CL,6.93,1603471448
Sitka,57.05,-135.33,30.2,54,1,US,4.7,1603471912
Boueni,-12.9,45.08,80.6,78,90,YT,4.7,1603471912
Puerto ayora,-0.74,-90.35,75.2,78,75,EC,12.75,1603471319
Cabedelo,-6.98,-34.83,84.2,70,75,BR,18.34,1603471912
Alice springs,-23.7,133.88,66.2,52,0,AU,6.93,1603471912
Punta arenas,-53.15,-70.92,44.6,70,75,CL,6.93,1603471448
Komsomolskiy,43.98,46.7,57.52,49,18,RU,7.65,1603471913
Acajutla,13.59,-89.83,82.4,69,40,SV,3.36,1603471913
Ushuaia,-54.8,-68.3,48.2,53,20,AR,18.34,1603471261
Jamestown,-15.94,-5.72,60.24,91,17,SH,14.58,1603471315
Vaini,-21.2,-175.2,69.8,94,20,TO,6.93,1603471386
Kalmunai,7.42,81.82,80.89,81,16,LK,7.83,1603471913
Khatanga,71.97,102.5,6.91,95,100,RU,6.04,1603471317
Torbay,47.67,-52.73,46.99,65,75,CA,11.41,1603471715
Camana,-16.62,-72.71,67.89,67,59,PE,9.26,1603471914
Bluff,-46.6,168.33,50.94,75,96,NZ,14.07,1603471451
Punta arenas,-53.15,-70.92,44.6,70,75,CL,6.93,1603471448
Albany,-35.02,117.89,48.2,87,90,AU,4.97,1603471384
Grindavik,63.84,-22.43,42.8,87,75,IS,24.16,1603471915
Faanui,-16.48,-151.75,78.48,76,67,PF,12.64,1603471386
Don sak,9.32,99.69,80.35,79,100,TH,5.26,1603471915
Dikson,73.51,80.55,23.43,95,100,RU,15.28,1603471516
Albany,-35.02,117.89,48.2,87,90,AU,4.97,1603471384
Port elizabeth,-33.92,25.57,68.0,82,0,ZA,18.34,1603471516
Kruisfontein,-34,24.73,71.01,77,0,ZA,7,1603471863
Mamakan,57.82,114,34.54,87,100,RU,1.61,1603471916
Pittsburg,38.03,-121.88,64.0,71,1,US,5.82,1603471916
Saint-philippe,-21.36,55.77,73.4,78,0,RE,14.99,1603471384
Bambous virieux,-20.34,57.76,75.2,69,40,MU,11.41,1603471650
Sao joao da barra,-21.64,-41.05,82.4,45,75,BR,11.41,1603471781
Khatanga,71.97,102.5,6.91,95,100,RU,6.04,1603471317
Ostersund,63.18,14.64,33.8,80,75,SE,11.41,1603471916
Abu dhabi,24.47,54.37,84.2,58,0,AE,6.93,1603471900
Hermanus,-34.42,19.23,72.0,79,15,ZA,4,1603471976
Carnarvon,-24.87,113.63,69.8,68,0,AU,11.41,1603471651
Longyearbyen,78.22,15.64,17.6,78,20,SJ,3.36,1603471718
Peciu nou,45.61,21.06,62.6,59,0,RO,2.24,1603471976
Sechura,-5.56,-80.82,74.86,56,18,PE,13.13,1603471977
Aksu,41.12,80.26,50.97,37,100,CN,2.66,1603471977
Dikson,73.51,80.55,23.43,95,100,RU,15.28,1603471516
Bethel,41.37,-73.41,64.4,93,90,US,8.05,1603471383
Torbay,47.67,-52.73,46.99,65,75,CA,11.41,1603471715
Kaitangata,-46.28,169.85,48.81,93,93,NZ,3.85,1603471518
Formosa do rio preto,-11.05,-45.19,93.7,29,99,BR,5.21,1603471977
Bilibino,68.05,166.44,16.29,90,39,RU,1.03,1603471652
Pisco,-13.7,-76.22,66.99,77,20,PE,9.17,1603471977
Albany,-35.02,117.89,48.2,87,90,AU,4.97,1603471384
Labuhan,-6.88,112.21,80.47,79,37,ID,5.93,1603471861
Pangnirtung,66.15,-65.71,26.6,92,90,CA,3.36,1603471978
Rikitea,-23.12,-134.97,73.81,79,39,PF,4.61,1603471978
Chuy,-33.7,-53.46,70.32,82,99,UY,2.84,1603471866
Kruisfontein,-34,24.73,71.01,77,0,ZA,7,1603471863
Sai buri,6.7,101.62,77.58,87,100,TH,4.36,1603471979
Albany,-35.02,117.89,48.2,87,90,AU,4.97,1603471384
Lethem,3.38,-59.8,97.54,35,9,GY,6.38,1603471979
Nkayi,-4.18,13.29,82.78,69,70,CG,5.19,1603471979
Norman wells,65.28,-126.83,21.2,92,90,CA,4.7,1603471715
Ahipara,-35.17,173.17,58.15,93,59,NZ,5.77,1603471980
Ulladulla,-35.35,150.47,66.2,93,90,AU,8.05,1603471980
South hill,47.14,-122.27,43.0,100,90,US,1.66,1603471918
Carnarvon,-24.87,113.63,69.8,68,0,AU,11.41,1603471651
Port alfred,-33.59,26.89,75.99,70,65,ZA,11.21,1603471451
Hithadhoo,-0.6,73.08,82.83,77,0,MV,11.39,1603471980
Nelson bay,-32.72,152.15,70.0,88,75,AU,17.22,1603471980
Tuktoyaktuk,69.45,-133.04,23.0,85,75,CA,10.29,1603471452
Madang,-5.22,145.8,75.42,89,87,PG,4.43,1603471980
Hobart,-42.88,147.33,54.0,81,90,AU,2.53,1603471223
Awbari,26.59,12.78,76.78,25,0,LY,9.53,1603471981
Honiara,-9.43,159.95,73.4,94,75,SB,3.36,1603471981
Kloulklubed,7.04,134.26,77.0,94,75,PW,9.06,1603471981
Rikitea,-23.12,-134.97,73.81,79,39,PF,4.61,1603471978
Santa ines,-3.67,-45.38,92.19,48,84,BR,4.16,1603471981
Hithadhoo,-0.6,73.08,82.83,77,0,MV,11.39,1603471980
Loukhi,66.08,33.04,30.9,98,100,RU,9.78,1603471981
Visby,57.64,18.3,50.0,87,75,SE,5.82,1603471982
Sal rei,16.18,-22.92,86.0,58,75,CV,19.46,1603471982
Avarua,-21.21,-159.78,73.4,78,94,CK,13.87,1603471697
Salalah,17.02,54.09,82.4,42,0,OM,3.36,1603471982
Bystryy istok,52.37,84.39,37.38,81,100,RU,4.63,1603471982
Ancud,-41.87,-73.82,57.99,71,75,CL,12.75,1603471855
Kermen,42.5,26.25,66.2,48,5,BG,2.15,1603471983
Grand-santi,4.25,-54.38,99.23,30,31,GF,3.83,1603471983
Tiksi,71.69,128.87,17.74,97,100,RU,8.16,1603471831
Rocha,-34.48,-54.33,69.17,83,99,UY,4.47,1603471851
Ushuaia,-54.8,-68.3,48.2,53,20,AR,18.34,1603472043
Bredasdorp,-34.53,20.04,72.0,79,41,ZA,4,1603472044
Pacific grove,36.62,-121.92,64.0,77,90,US,8.05,1603472044
Filadelfia,-22.35,-60.03,93.49,40,66,PY,7.47,1603471888
Ushuaia,-54.8,-68.3,48.2,53,20,AR,18.34,1603472043
Nikolskoye,59.7,30.79,50.0,81,75,RU,15.66,1603472044
Bluff,-46.6,168.33,50.94,75,96,NZ,14.07,1603471451
Punta arenas,-53.15,-70.92,44.6,70,75,CL,6.93,1603471448
Ushuaia,-54.8,-68.3,48.2,53,20,AR,18.34,1603472043
Hobart,-42.88,147.33,54.0,81,90,AU,2.53,1603471816
Nizwa,22.93,57.53,73.6,20,0,OM,5.79,1603472045
Yellowknife,62.46,-114.35,23.0,92,75,CA,8.05,1603471957
Vysotsk,60.63,28.57,37.99,86,40,RU,10.29,1603472045
Fortuna,40.6,-124.16,46.4,81,1,US,3.36,1603472045
Albany,-35.02,117.89,48.2,87,90,AU,4.97,1603472045
Albany,-35.02,117.89,48.2,87,90,AU,4.97,1603472045
Tura,64.28,100.25,14.97,95,75,RU,7.72,1603472045
Tuktoyaktuk,69.45,-133.04,23.0,85,75,CA,10.29,1603471452
Yellowknife,62.46,-114.35,23.0,92,75,CA,8.05,1603471957
Rikitea,-23.12,-134.97,73.81,79,39,PF,4.61,1603471978
Bredasdorp,-34.53,20.04,72.0,79,41,ZA,4,1603472044
Cabo san lucas,22.89,-109.91,90.0,66,5,MX,2.24,1603471749
Galesong,-5.32,119.37,77.0,94,20,ID,1.12,1603472046
Sibolga,1.74,98.78,78.33,81,100,ID,2.66,1603472026
Naze,28.37,129.48,69.8,60,75,JP,17.22,1603472046
Saint-philippe,-21.36,55.77,73.4,78,0,RE,14.99,1603472047
Keningau,5.34,116.16,77.0,94,20,MY,2.24,1603472047
Samarai,-10.62,150.67,79.95,86,69,PG,5.93,1603471783
Luderitz,-26.65,15.16,62.65,75,6,NA,6.24,1603472047
Saint george,32.38,-64.68,80.6,78,40,BM,20.8,1603472047
Sao filipe,14.9,-24.5,81.37,73,2,CV,13.76,1603472047
Betanzos,-19.55,-65.45,66.2,52,40,BO,9.33,1603472047
Namatanai,-3.67,152.43,79.36,70,2,PG,2.93,1603471836
Castro,-42.47,-73.77,59.0,71,75,CL,12.75,1603471515
Port hardy,50.7,-127.42,39.2,100,90,CA,20.8,1603472048
Torbay,47.67,-52.73,46.99,65,75,CA,11.41,1603471715
Ushuaia,-54.8,-68.3,48.2,53,20,AR,18.34,1603472043
Taybad,34.74,60.78,48.65,49,0,IR,10.29,1603472048
Puerto ayora,-0.74,-90.35,75.2,78,75,EC,12.75,1603472048
Jamestown,-15.94,-5.72,60.24,91,17,SH,14.58,1603472048
Sitka,57.05,-135.33,30.2,54,1,US,4.7,1603471912
Upernavik,72.79,-56.15,21.42,96,100,GL,8.48,1603471515
Barrow,71.29,-156.79,32.0,98,90,US,6.93,1603471520
Naze,28.37,129.48,69.8,60,75,JP,17.22,1603472046
Roros,62.57,11.38,23.0,79,0,NO,3.36,1603472049
Rikitea,-23.12,-134.97,73.81,79,39,PF,4.61,1603471978
Port alfred,-33.59,26.89,75.99,70,65,ZA,11.21,1603471451
Kaitangata,-46.28,169.85,48.81,93,93,NZ,3.85,1603471518
Richards bay,-28.78,32.04,70.65,78,0,ZA,11.39,1603472109
Keflavik,64,-22.56,46.4,87,75,IS,24.16,1603472109
Bandrele,-12.91,45.19,80.6,78,90,YT,4.7,1603472109
Moosomin,50.13,-101.67,19.31,93,22,CA,12.1,1603472109
Mecca,21.43,39.83,80.2,33,0,SA,1.72,1603472109
Bitung,1.45,125.18,75.2,94,20,ID,1.12,1603471854
Punta arenas,-53.15,-70.92,44.6,70,75,CL,6.93,1603472110
Yumen,40.28,97.2,40.26,56,13,CN,7.09,1603472110
Lorengau,-2.02,147.27,81.54,72,26,PG,4.94,1603471781
Victoria,-4.62,55.45,84.2,74,20,SC,4.7,1603472110
Rikitea,-23.12,-134.97,73.81,79,39,PF,4.61,1603471978
Jumla,29.27,82.18,48.88,63,44,NP,2.8,1603472110
New norfolk,-42.78,147.06,54.0,80,100,AU,2.21,1603471650
Narsaq,60.92,-46.05,28.4,68,75,GL,3.36,1603471847
Barrow,71.29,-156.79,32.0,98,90,US,6.93,1603471520
Tortoli,39.93,9.66,69.8,94,90,IT,9.17,1603472111
Puerto ayora,-0.74,-90.35,75.2,78,75,EC,12.75,1603472048
Ushuaia,-54.8,-68.3,48.2,53,20,AR,18.34,1603472043
Punta arenas,-53.15,-70.92,44.6,70,75,CL,6.93,1603472110
Hambantota,6.12,81.12,80.01,79,8,LK,16.93,1603472111
Bataipora,-22.3,-53.27,92.41,38,89,BR,2.91,1603472111
Tuktoyaktuk,69.45,-133.04,23.0,85,75,CA,10.29,1603472111
Kokoda,-8.88,147.74,74.52,72,100,PG,1.45,1603472111
Nikolskoye,59.7,30.79,50.0,81,75,RU,15.66,1603472044
Souillac,-20.52,57.52,75.2,69,40,MU,11.41,1603471814
Andenes,69.31,16.12,37.4,86,75,NO,13.87,1603471583
Canelones,-34.64,-56.29,72.0,78,75,UY,4.92,1603472112
Misratah,32.38,15.09,72.21,53,0,LY,9.78,1603472112
Pouembout,-21.13,164.9,71.85,83,0,NC,3.83,1603472112
Marsa matruh,31.35,27.25,71.6,60,40,EG,6.93,1603472112
Bluff,-46.6,168.33,50.94,75,96,NZ,14.07,1603472112
Ushuaia,-54.8,-68.3,48.2,53,20,AR,18.34,1603472043
Agadir,30.42,-9.6,75.2,50,20,MA,13.87,1603471933
Georgetown,-7.93,-14.42,74.12,79,100,SH,16.42,1603472113
Puerto ayora,-0.74,-90.35,75.2,78,75,EC,12.75,1603472048
Ushuaia,-54.8,-68.3,48.2,53,20,AR,18.34,1603472043
Saint-philippe,-21.36,55.77,73.4,78,0,RE,14.99,1603472047
Hamilton,32.29,-64.78,80.6,78,40,BM,20.8,1603472113
Matara,5.95,80.54,78.67,87,10,LK,9.04,1603472113
Bluff,-46.6,168.33,50.94,75,96,NZ,14.07,1603472112
Busselton,-33.65,115.33,55.99,40,0,AU,13.4,1603472113
Gainsborough,53.38,-0.77,53.6,76,86,GB,14.99,1603472113
Treviglio,45.52,9.59,55.99,100,90,IT,2.24,1603472113
Yellowknife,62.46,-114.35,23.0,92,75,CA,8.05,1603471957
La paz,15.44,120.73,77.0,94,75,PH,4.7,1603472114
Naze,28.37,129.48,69.8,60,75,JP,17.22,1603472046
Envira,-7.3,-70.22,86.52,70,64,BR,3.91,1603472114
Kapaa,22.08,-159.32,73.4,94,20,US,3.36,1603471944
Baruun-urt,46.68,113.28,32.16,83,0,MN,8.88,1603472114
Ternovka,51.68,41.64,54.57,78,100,RU,8.23,1603472114
San quintin,30.48,-115.95,66.67,67,96,MX,6.62,1603471567
Busselton,-33.65,115.33,55.99,40,0,AU,13.4,1603472113
Tuktoyaktuk,69.45,-133.04,23.0,85,75,CA,10.29,1603472111
Provideniya,64.38,-173.3,33.64,91,100,RU,14.61,1603472175
Arraial do cabo,-22.97,-42.03,78.8,57,20,BR,18.34,1603472175
Kavieng,-2.57,150.8,81.91,67,3,PG,5.35,1603471848
Albany,-35.02,117.89,48.2,87,90,AU,4.97,1603472045
Kavaratti,10.57,72.64,81.3,74,95,IN,14.09,1603472175
Komsomolskiy,43.98,46.7,57.52,49,18,RU,7.65,1603471913
Bethel,41.37,-73.41,64.4,93,90,US,8.05,1603472014
Rikitea,-23.12,-134.97,73.81,79,39,PF,4.61,1603471978
Kaitong,44.81,123.15,34.0,76,0,CN,6.85,1603472176
Busselton,-33.65,115.33,55.99,40,0,AU,13.4,1603472113
Leningradskiy,69.38,178.42,23.5,90,0,RU,4.63,1603472176
Nabire,-3.37,135.48,75.6,87,86,ID,3.2,1603472107
Rikitea,-23.12,-134.97,73.81,79,39,PF,4.61,1603471978
Galdar,28.15,-15.65,75.2,57,20,ES,17.22,1603472176
Bluff,-46.6,168.33,50.94,75,96,NZ,14.07,1603472112
Rocha,-34.48,-54.33,69.17,83,99,UY,4.47,1603471851
Busselton,-33.65,115.33,55.99,40,0,AU,13.4,1603472113
Manokwari,-0.87,134.08,80.53,78,70,ID,1.9,1603471585
Andenes,69.31,16.12,37.4,86,75,NO,13.87,1603471583
Muroto,33.28,134.15,62.51,64,2,JP,13.33,1603472177
Thompson,55.74,-97.86,21.2,73,90,CA,10.29,1603471651
Chokurdakh,70.63,147.92,6.6,91,44,RU,6.06,1603472177
Palana,59.12,159.97,33.49,91,0,RU,4.12,1603472177
Anuradhapura,8.36,80.42,76.96,86,21,LK,8.48,1603472177
Zhezkazgan,47.8,67.71,31.12,83,0,KZ,5.77,1603472177
Altay,47.87,88.12,44.11,57,97,CN,0.58,1603472178
Ranibennur,14.62,75.62,70.9,92,84,IN,9.98,1603472178
Rikitea,-23.12,-134.97,73.81,79,39,PF,4.61,1603471978
Dikson,73.51,80.55,23.43,95,100,RU,15.28,1603472178
Georgetown,-7.93,-14.42,74.12,79,100,SH,16.42,1603472113
Gorontalo,0.54,123.06,75.16,85,64,ID,2.19,1603472178
Ryotsu,38.08,138.43,54.01,69,41,JP,16.84,1603472178
The valley,18.22,-63.06,87.8,79,40,AI,14.99,1603472178
Penzance,50.12,-5.54,53.6,71,40,GB,12.75,1603471580
Owando,-0.48,15.9,75.67,91,98,CG,0.92,1603472178
Rio gallegos,-51.62,-69.22,51.8,71,40,AR,5.82,1603472160
Tuatapere,-46.13,167.68,47.89,76,71,NZ,8.9,1603472179
Saint-philippe,-21.36,55.77,73.4,78,0,RE,14.99,1603472047
Iqaluit,63.75,-68.51,30.2,80,90,CA,6.93,1603472179
Ushuaia,-54.8,-68.3,48.2,53,20,AR,18.34,1603472043
Severo-kurilsk,50.68,156.12,45.7,85,100,RU,21.09,1603472179
Albany,-35.02,117.89,48.2,87,90,AU,4.97,1603472045
Carinhanha,-14.3,-43.77,93.85,34,34,BR,6.22,1603472180
Butaritari,3.07,172.79,81.93,73,92,KI,12.57,1603472180
Salekhard,66.53,66.6,17.02,95,88,RU,6.55,1603472181
Bambous virieux,-20.34,57.76,75.2,69,40,MU,11.41,1603471650
Port alfred,-33.59,26.89,75.99,70,65,ZA,11.21,1603472181
Jamestown,-15.94,-5.72,60.24,91,17,SH,14.58,1603472048
Adrar,25.75,-1,93.0,11,0,DZ,5.99,1603472241
Albany,-35.02,117.89,48.2,87,90,AU,4.97,1603472045
Hilo,19.73,-155.09,71.6,78,1,US,3.36,1603472133
Gorele,41.03,39,68.0,77,40,TR,5.82,1603472241
Angola,41.63,-85,75.0,73,90,US,13.87,1603472242
Punta arenas,-53.15,-70.92,44.6,70,75,CL,6.93,1603472110
Chuy,-33.7,-53.46,70.32,82,99,UY,2.84,1603471866
Qaanaaq,77.48,-69.36,20.05,94,100,GL,9.6,1603472242
Barra do garcas,-15.89,-52.26,96.46,37,19,BR,4.32,1603472242
Clyde river,70.47,-68.59,19.4,85,90,CA,5.82,1603472242
Chuy,-33.7,-53.46,70.32,82,99,UY,2.84,1603471866
Deputatskiy,69.3,139.9,0.95,89,98,RU,3.76,1603472243
East london,-33.02,27.91,71.6,83,20,ZA,17.22,1603472243
Pervomaysk,54.87,43.8,48.27,92,94,RU,9.04,1603472243
Zhangye,38.93,100.45,44.71,50,50,CN,0.98,1603472243
Tasiilaq,65.61,-37.64,35.6,51,75,GL,5.82,1603472243
Waipawa,-41.41,175.52,57.2,67,35,NZ,17.22,1603472243
Puerto ayora,-0.74,-90.35,75.2,78,75,EC,12.75,1603472048
Sandpoint,48.28,-116.55,32.0,78,90,US,3.36,1603472243
Ponta do sol,17.2,-25.09,87.8,58,40,CV,26.4,1603472244
Shache,38.42,77.24,47.52,43,72,CN,2.15,1603472244
New norfolk,-42.78,147.06,54.0,80,100,AU,2.21,1603471650
Ahipara,-35.17,173.17,58.15,93,59,NZ,5.77,1603471980
Bluff,-46.6,168.33,50.94,75,96,NZ,14.07,1603472112
Hermanus,-34.42,19.23,72.0,79,15,ZA,4,1603471976
Tuktoyaktuk,69.45,-133.04,23.0,85,75,CA,10.29,1603472111
Ushuaia,-54.8,-68.3,48.2,53,20,AR,18.34,1603472043
Itarema,-2.92,-39.92,87.06,58,71,BR,18.97,1603472244
Yellowknife,62.46,-114.35,23.0,92,75,CA,8.05,1603471957
Bengkulu,-3.8,102.27,78.03,83,100,ID,3.96,1603471843
Omsukchan,62.53,155.8,19.49,88,38,RU,6.11,1603472245
Busselton,-33.65,115.33,55.99,40,0,AU,13.4,1603472113
Port alfred,-33.59,26.89,75.99,70,65,ZA,11.21,1603472181
Kapaa,22.08,-159.32,73.4,94,20,US,3.36,1603471944
Vaini,-21.2,-175.2,69.8,94,20,TO,6.93,1603472245
Luderitz,-26.65,15.16,62.65,75,6,NA,6.24,1603472047
Fukue,32.69,128.84,58.75,73,18,JP,25.43,1603472246
Jamestown,-15.94,-5.72,60.24,91,17,SH,14.58,1603472048
Vila velha,-20.33,-40.29,78.01,73,40,BR,10.29,1603471749
Chokurdakh,70.63,147.92,6.6,91,44,RU,6.06,1603472177
Rikitea,-23.12,-134.97,73.81,79,39,PF,4.61,1603471978
Santa maria da vitoria,-13.39,-44.19,92.84,32,36,BR,6.91,1603472246
San rafael,-12.93,-64.87,96.8,44,75,BO,13.87,1603472246
Bredasdorp,-34.53,20.04,72.0,79,41,ZA,4,1603472044
Kununurra,-15.77,128.73,82.4,74,84,AU,6.93,1603472246
Hermanus,-34.42,19.23,72.0,79,15,ZA,4,1603471976
Albany,-35.02,117.89,48.2,87,90,AU,4.97,1603472045
Albany,-35.02,117.89,48.2,87,90,AU,4.97,1603472045
Saryozek,44.36,77.98,37.35,92,100,KZ,12.91,1603472247
Thabazimbi,-24.59,27.41,85.59,21,1,ZA,2.44,1603472307
Hamamatsu,34.7,137.73,60.01,71,0,JP,13,1603472307
Busselton,-33.65,115.33,55.99,40,0,AU,13.4,1603472113
Lavrentiya,65.58,-171,33.8,90,79,RU,9.78,1603472307
Nanortalik,60.14,-45.24,35.62,81,100,GL,5.55,1603472307
Saint george,32.38,-64.68,80.6,78,40,BM,20.8,1603472047
Ushuaia,-54.8,-68.3,48.2,53,20,AR,18.34,1603472043
Minot,48.23,-101.3,21.0,73,1,US,13.87,1603472057
Saint-philippe,-21.36,55.77,73.4,78,0,RE,14.99,1603472047
Tiksi,71.69,128.87,17.74,97,100,RU,8.16,1603471831
Busselton,-33.65,115.33,55.99,40,0,AU,13.4,1603472113
Punta arenas,-53.15,-70.92,44.6,70,75,CL,6.93,1603472110
Busselton,-33.65,115.33,55.99,40,0,AU,13.4,1603472113
Georgetown,-7.93,-14.42,74.12,79,100,SH,16.42,1603472113
Saint-philippe,-21.36,55.77,73.4,78,0,RE,14.99,1603472047
Torbay,47.67,-52.73,46.99,65,75,CA,11.41,1603471715
Busselton,-33.65,115.33,55.99,40,0,AU,13.4,1603472113
Dauphin,51.15,-100.05,21.2,79,90,CA,17.22,1603472308
Punta arenas,-53.15,-70.92,44.6,70,75,CL,6.93,1603472110
Khatanga,71.97,102.5,6.91,95,100,RU,6.04,1603472308
Rikitea,-23.12,-134.97,73.81,79,39,PF,4.61,1603471978
Kapaa,22.08,-159.32,73.4,94,20,US,3.36,1603471944
Mar del plata,-38,-57.56,60.8,87,75,AR,5.82,1603472194
Barrow,71.29,-156.79,32.0,98,90,US,6.93,1603472309
Dikson,73.51,80.55,23.43,95,100,RU,15.28,1603472178
Camacha,33.08,-16.33,69.8,56,20,PT,10.29,1603472309
Sarangani,5.4,125.46,83.52,75,96,PH,10.74,1603472309
Tautira,-17.73,-149.15,75.2,78,20,PF,2.24,1603471844
Fairbanks,64.84,-147.72,18.0,84,1,US,4.76,1603472309
Jamestown,-15.94,-5.72,60.24,91,17,SH,14.58,1603472048
Albany,-35.02,117.89,48.2,87,90,AU,4.97,1603472045
Dikson,73.51,80.55,23.43,95,100,RU,15.28,1603472178
Bethel,41.37,-73.41,64.4,93,90,US,8.05,1603472014
Albany,-35.02,117.89,48.2,87,90,AU,4.97,1603472045
Albany,-35.02,117.89,48.2,87,90,AU,4.97,1603472045
Lavrentiya,65.58,-171,33.8,90,79,RU,9.78,1603472307
Winton,-46.15,168.33,45.0,81,81,NZ,4.63,1603472310
Cordoba,-31.41,-64.18,71.01,82,90,AR,3.36,1603472310
Provideniya,64.38,-173.3,33.64,91,100,RU,14.61,1603472175
Hofn,64.25,-15.21,46.4,81,90,IS,18.34,1603471713
Esperance,-33.87,121.9,53.6,100,90,AU,5.82,1603472310
Severo-kurilsk,50.68,156.12,45.7,85,100,RU,21.09,1603472179
Barrow,71.29,-156.79,32.0,98,90,US,6.93,1603472309
La ronge,55.1,-105.28,21.2,85,90,CA,9.17,1603472310
Avarua,-21.21,-159.78,73.4,78,94,CK,13.87,1603471697
Bengkulu,-3.8,102.27,78.03,83,100,ID,3.96,1603471843
Tabou,4.42,-7.35,79.79,83,78,CI,6.62,1603472311
Baghdad,33.34,44.4,80.6,22,0,IQ,8.05,1603472311
Bambous virieux,-20.34,57.76,75.2,69,40,MU,11.41,1603472311
Kaitangata,-46.28,169.85,48.81,93,93,NZ,3.85,1603472311
Cape town,-33.93,18.42,66.99,88,75,ZA,11.41,1603472371
Puerto ayora,-0.74,-90.35,75.2,78,75,EC,12.75,1603472048
Bluff,-46.6,168.33,50.94,75,96,NZ,14.07,1603472112
Geraldton,-28.77,114.6,64.4,63,0,AU,10.29,1603472371
Bredasdorp,-34.53,20.04,72.0,79,41,ZA,4,1603472044
Rikitea,-23.12,-134.97,73.81,79,39,PF,4.61,1603471978
Qaanaaq,77.48,-69.36,20.05,94,100,GL,9.6,1603472242
Nikolskoye,59.7,30.79,50.0,81,75,RU,15.66,1603472044
Lima,-12.04,-77.03,64.99,72,90,PE,4.7,1603472176
Sinnamary,5.38,-52.95,87.37,61,7,GF,10.87,1603472372
Lagoa,39.05,-27.98,65.68,78,33,PT,19.1,1603472372
Souillac,-20.52,57.52,75.2,69,40,MU,11.41,1603471814
New norfolk,-42.78,147.06,54.0,80,100,AU,1.01,1603472372
Port elizabeth,-33.92,25.57,68.0,82,0,ZA,18.34,1603472372
Fairbanks,64.84,-147.72,18.0,84,1,US,4.76,1603472309
Katsuura,35.13,140.3,64.4,59,20,JP,13.87,1603472373
Oarai,36.32,140.6,59.0,93,75,JP,2.24,1603472373
Thompson,55.74,-97.86,21.2,73,90,CA,10.29,1603472373
Progreso,21.28,-89.67,90.0,74,75,MX,6.93,1603472373
Port elizabeth,-33.92,25.57,68.0,82,0,ZA,18.34,1603472372
Cape town,-33.93,18.42,66.99,88,75,ZA,11.41,1603472371
Bilibino,68.05,166.44,16.29,90,39,RU,1.03,1603472373
Lengshuijiang,27.69,111.43,58.57,75,37,CN,2.17,1603472373
Rundu,-17.93,19.77,85.6,14,0,NA,6.26,1603472373
Medina,-16.22,-41.48,74.21,75,100,BR,0.98,1603472374
Bay-khaak,51.17,94.5,36.64,75,100,RU,2.46,1603472374
Touros,-5.2,-35.46,84.2,70,75,BR,17.22,1603472374
Mahebourg,-20.41,57.7,75.2,69,40,MU,11.41,1603472374
Najran,17.49,44.13,77.0,17,0,SA,6.93,1603472374
Ushuaia,-54.8,-68.3,48.2,53,20,AR,18.34,1603472043
Granville,48.84,-1.6,57.2,76,90,FR,12.75,1603472374
Castro,-42.47,-73.77,57.99,71,75,CL,12.75,1603472375
Mar del plata,-38,-57.56,60.8,87,75,AR,5.82,1603472194
Talnakh,69.49,88.4,-2.2,84,40,RU,8.95,1603472375
Barra patuca,15.8,-84.28,86.61,64,100,HN,7.99,1603472375
Husavik,66.04,-17.34,42.8,70,90,IS,6.93,1603472375
Iqaluit,63.75,-68.51,30.2,80,90,CA,6.93,1603472179
Tumut,-35.3,148.22,60.73,90,100,AU,4.21,1603472376
Ulaangom,49.98,92.07,32.61,92,100,MN,2.39,1603472376
Busselton,-33.65,115.33,55.99,40,0,AU,13.4,1603472113
Tabuk,28.38,36.58,80.6,10,0,SA,9.17,1603472376
Ilulissat,69.22,-51.1,21.2,67,75,GL,5.82,1603472362
Verkh-usugli,52.7,115.17,26.96,95,13,RU,1.01,1603472376
Hithadhoo,-0.6,73.08,82.83,77,0,MV,11.39,1603471980
Ust-ilimsk,58,102.66,31.78,97,98,RU,2.91,1603472377
Tuktoyaktuk,69.45,-133.04,23.0,85,75,CA,10.29,1603472111
Punta arenas,-53.15,-70.92,44.6,70,75,CL,6.93,1603472110
Carbonia,39.17,8.52,77.0,83,40,IT,4.7,1603472377
Tabou,4.42,-7.35,79.79,83,78,CI,6.62,1603472311
Kruisfontein,-34,24.73,71.01,77,0,ZA,7,1603471863
Busselton,-33.65,115.33,55.99,40,0,AU,13.4,1603472113
Chokurdakh,70.63,147.92,6.6,91,44,RU,6.06,1603472177
Port alfred,-33.59,26.89,75.99,70,65,ZA,11.21,1603472181
Pringsewu,-5.36,104.97,75.31,86,50,ID,5.46,1603472438
Bathsheba,13.22,-59.52,87.8,66,40,BB,24.16,1603472438
Tabuk,28.38,36.58,80.6,10,0,SA,9.17,1603472376
Lebu,-37.62,-73.65,55.63,63,96,CL,7.47,1603472438
Georgetown,-7.93,-14.42,74.12,79,100,SH,16.42,1603472113
Nhulunbuy,-12.23,136.77,78.8,83,36,AU,6.93,1603472438
Pokosnoye,55.53,101.05,36.72,82,100,RU,3.44,1603472438
Ahipara,-35.17,173.17,58.15,93,59,NZ,5.77,1603471980
Kaitangata,-46.28,169.85,48.81,93,93,NZ,3.85,1603472311
Lisieux,49.17,0.17,57.99,82,75,FR,11.41,1603472439
Udachnyy,66.42,112.4,23.0,62,90,RU,17.9,1603472439
Sitka,57.05,-135.33,30.2,54,1,US,4.7,1603471912
New norfolk,-42.78,147.06,54.0,80,100,AU,1.01,1603472372
Punta arenas,-53.15,-70.92,44.6,70,75,CL,6.93,1603472110
Vaini,-21.2,-175.2,69.8,94,20,TO,6.93,1603472245
Fortuna,40.6,-124.16,46.4,81,1,US,3.36,1603472045
Chokurdakh,70.63,147.92,6.6,91,44,RU,6.06,1603472177
Qaanaaq,77.48,-69.36,20.05,94,100,GL,9.6,1603472242
Rokytne,51.28,27.21,54.23,79,100,UA,7.25,1603472227
Rio gallegos,-51.62,-69.22,51.8,71,40,AR,5.82,1603472160
Portland,-38.33,141.6,51.1,78,100,AU,11.12,1603472417
Cabo san lucas,22.89,-109.91,90.0,66,5,MX,2.24,1603471749
Punta arenas,-53.15,-70.92,44.6,70,75,CL,6.93,1603472110
Portree,57.41,-6.19,43.0,86,6,GB,8.01,1603472440
Komsomolskiy,43.98,46.7,57.52,49,18,RU,7.65,1603471913
Thompson,55.74,-97.86,21.2,73,90,CA,10.29,1603472373
Saint-philippe,-21.36,55.77,73.4,78,0,RE,14.99,1603472047
Rikitea,-23.12,-134.97,73.81,79,39,PF,4.61,1603471978
Nikolskoye,59.7,30.79,50.0,81,75,RU,15.66,1603472044
Cabo san lucas,22.89,-109.91,90.0,66,5,MX,2.24,1603471749
Krasnoborsk,61.56,45.93,32.22,97,100,RU,13.38,1603472441
Rosetta,31.4,30.42,77.0,65,40,EG,9.17,1603472442
Busselton,-33.65,115.33,55.99,40,0,AU,13.4,1603472113
Rikitea,-23.12,-134.97,73.81,79,39,PF,4.61,1603471978
Mahebourg,-20.41,57.7,75.2,69,40,MU,11.41,1603472374
Contamana,-7.33,-75.02,102.87,28,100,PE,1.07,1603472442
Lebu,-37.62,-73.65,55.63,63,96,CL,7.47,1603472438
Chokurdakh,70.63,147.92,6.6,91,44,RU,6.06,1603472177
Punta arenas,-53.15,-70.92,44.6,70,75,CL,6.93,1603472110
Kamsack,51.57,-101.9,23.0,79,90,CA,10.29,1603472442
Ushuaia,-54.8,-68.3,48.2,53,20,AR,18.34,1603472043
Bambous virieux,-20.34,57.76,75.2,69,40,MU,11.41,1603472311
Leningradskiy,69.38,178.42,23.5,90,0,RU,4.63,1603472176
Puerto carreno,6.19,-67.49,88.36,63,96,CO,6.42,1603472409
Teya,60.38,92.63,29.39,97,82,RU,2.21,1603472443
Upernavik,72.79,-56.15,21.42,96,100,GL,8.48,1603472443
Nikolskoye,59.7,30.79,50.0,81,75,RU,15.66,1603472044
Pacifica,37.61,-122.49,62.6,77,20,US,2.82,1603472503
Ilo,-17.64,-71.34,68.0,72,90,PE,5.82,1603472503
Hofn,64.25,-15.21,46.4,81,90,IS,18.34,1603472504
Pacific grove,36.62,-121.92,64.0,77,90,US,8.05,1603472044
Vaini,-21.2,-175.2,69.8,94,20,TO,6.93,1603472245
Qaanaaq,77.48,-69.36,20.05,94,100,GL,9.6,1603472242
Avarua,-21.21,-159.78,73.4,78,94,CK,13.87,1603471697
Okato,-39.2,173.88,54.0,94,34,NZ,6.6,1603472504
Bredasdorp,-34.53,20.04,72.0,79,41,ZA,4,1603472044
Kapaa,22.08,-159.32,73.4,94,20,US,3.36,1603471944
Casma,-9.47,-78.3,72.05,60,88,PE,9.6,1603472504
Punta arenas,-53.15,-70.92,44.6,70,75,CL,6.93,1603472110
Port blair,11.67,92.75,81.52,83,95,IN,3.98,1603472504
Kapaa,22.08,-159.32,73.4,94,20,US,3.36,1603471944
Vanavara,60.34,102.28,27.3,97,80,RU,5.97,1603472505
Cermeno,8.73,-79.85,90.0,99,89,PA,4.76,1603472505
Busselton,-33.65,115.33,55.99,40,0,AU,13.4,1603472113
Albany,-35.02,117.89,48.2,87,90,AU,4.97,1603472045
Merauke,-8.47,140.33,77.99,86,30,ID,12.06,1603472505
Geraldton,-28.77,114.6,64.4,63,0,AU,10.29,1603472371
Rikitea,-23.12,-134.97,73.81,79,39,PF,4.61,1603471978
Norman wells,65.28,-126.83,21.2,92,90,CA,4.7,1603472506
Yellowknife,62.46,-114.35,23.0,92,75,CA,8.05,1603471957
Punta arenas,-53.15,-70.92,44.6,70,75,CL,6.93,1603472110
Kaitangata,-46.28,169.85,48.81,93,93,NZ,3.85,1603472311
Qaanaaq,77.48,-69.36,20.05,94,100,GL,9.6,1603472242
Libreville,0.39,9.45,77.0,88,75,GA,2.24,1603472506
Yellowknife,62.46,-114.35,23.0,92,75,CA,8.05,1603471957
Sambava,-14.27,50.17,74.35,77,3,MG,12.24,1603472506
Atuona,-9.8,-139.03,77.54,79,21,PF,21.72,1603472506
Varhaug,58.61,5.65,45.0,99,100,NO,13.18,1603472507
Dingle,52.14,-10.27,51.8,71,40,IE,13.87,1603472507
Yellowknife,62.46,-114.35,23.0,92,75,CA,8.05,1603471957
Kapaa,22.08,-159.32,73.4,94,20,US,3.36,1603471944
Narsaq,60.92,-46.05,28.4,68,75,GL,3.36,1603472507
Yumen,40.28,97.2,40.26,56,13,CN,7.09,1603472110
Punta arenas,-53.15,-70.92,44.6,70,75,CL,6.93,1603472110
Porto novo,17.02,-25.06,87.8,58,40,CV,26.4,1603472508
Atuona,-9.8,-139.03,77.54,79,21,PF,21.72,1603472506
Dingle,52.14,-10.27,51.8,71,40,IE,13.87,1603472507
Sabang,5.89,95.32,83.12,76,97,ID,9.46,1603472508
Vaini,-21.2,-175.2,69.8,94,20,TO,6.93,1603472245
Tuktoyaktuk,69.45,-133.04,23.0,85,75,CA,10.29,1603472111
Nizwa,22.93,57.53,73.6,20,0,OM,5.79,1603472045
Saint-philippe,-21.36,55.77,73.4,78,0,RE,14.99,1603472047
Kapaa,22.08,-159.32,73.4,94,20,US,3.36,1603471944
Thompson,55.74,-97.86,21.2,73,90,CA,10.29,1603472373
Faanui,-16.48,-151.75,78.48,76,67,PF,12.64,1603472509
Labuhan,-6.88,112.21,80.47,79,37,ID,5.93,1603471861
Byron bay,-28.65,153.62,69.8,83,100,AU,10.29,1603472510
Ocna sugatag,47.78,23.93,53.6,87,0,RO,2.24,1603472570
Albany,-35.02,117.89,48.2,87,90,AU,4.97,1603472045
Saint-augustin,51.23,-58.65,40.57,63,62,CA,7.38,1603472570
Kitakata,37.65,139.87,57.0,81,64,JP,3,1603472530
Yellowknife,62.46,-114.35,23.0,92,75,CA,8.05,1603471957
Rikitea,-23.12,-134.97,73.81,79,39,PF,4.61,1603471978
Barcelos,-0.97,-62.92,92.26,48,93,BR,3.53,1603472571
Sistranda,63.73,8.83,35.6,93,20,NO,4.7,1603472571
Srednekolymsk,67.45,153.68,13.89,90,17,RU,1.77,1603472571
San patricio,19.22,-104.7,89.6,75,40,MX,2.89,1603472571
Palora,-1.7,-77.93,78.8,69,40,EC,5.82,1603472571
Busselton,-33.65,115.33,55.99,40,0,AU,13.4,1603472113
Ushuaia,-54.8,-68.3,48.2,53,20,AR,18.34,1603472043
Kapaa,22.08,-159.32,73.4,94,20,US,3.36,1603471944
Avanigadda,16.02,80.92,80.6,78,20,IN,3.94,1603472571
Hithadhoo,-0.6,73.08,82.83,77,0,MV,11.39,1603471980
Iracoubo,5.48,-53.2,86.41,64,12,GF,11.25,1603472572
Busselton,-33.65,115.33,55.99,40,0,AU,13.4,1603472113
Kapaa,22.08,-159.32,73.4,94,20,US,3.36,1603471944
Gamboula,4.12,15.14,72.68,92,100,CF,1.81,1603472572
Ola,59.58,151.28,34.39,88,95,RU,10.49,1603472572
Hobart,-42.88,147.33,54.0,81,90,AU,2.53,1603471816
Talnakh,69.49,88.4,-2.2,84,40,RU,8.95,1603472375
Paamiut,61.99,-49.67,32.7,86,69,GL,26.96,1603472572
Butaritari,3.07,172.79,81.93,73,92,KI,12.57,1603472180
Bathsheba,13.22,-59.52,87.8,66,40,BB,24.16,1603472438
Rikitea,-23.12,-134.97,73.81,79,39,PF,4.61,1603471978
Cidreira,-30.18,-50.21,70.59,82,100,BR,17.22,1603472573
Busselton,-33.65,115.33,55.99,40,0,AU,13.4,1603472113
Kontagora,10.4,5.47,82.51,39,32,NG,3.56,1603472573
Khatanga,71.97,102.5,6.91,95,100,RU,6.04,1603472308
Carnarvon,-24.87,113.63,69.8,68,0,AU,11.41,1603472573
Arlit,18.74,7.39,91.29,10,0,NE,20.15,1603472574
Dikson,73.51,80.55,23.43,95,100,RU,15.28,1603472178
Rikitea,-23.12,-134.97,73.81,79,39,PF,4.61,1603471978
Bethel,41.37,-73.41,64.4,93,90,US,8.05,1603472014
Aswan,24.09,32.91,86.76,13,0,EG,13.58,1603472574
Emiliano zapata,18.83,-99.18,75.2,53,40,MX,5.82,1603472574
Castro,-42.47,-73.77,57.99,71,75,CL,12.75,1603472375
Arraial do cabo,-22.97,-42.03,78.8,57,20,BR,18.34,1603472175
New norfolk,-42.78,147.06,54.0,80,100,AU,1.01,1603472372
Carnarvon,-24.87,113.63,69.8,68,0,AU,11.41,1603472573
Alta floresta,-9.88,-56.09,103.55,30,79,BR,0.96,1603472575
Hilo,19.73,-155.09,71.6,78,1,US,3.36,1603472133
Port alfred,-33.59,26.89,75.99,70,65,ZA,11.21,1603472181
Ampanihy,-24.7,44.75,78.91,51,90,MG,12.53,1603472575
Chokurdakh,70.63,147.92,6.6,91,44,RU,6.06,1603472177
Port macquarie,-31.43,152.92,69.8,88,40,AU,10.29,1603472575
Korcula,42.96,17.14,64.4,52,0,HR,2.24,1603472575
Enterprise,36.03,-115.24,66.99,17,1,US,6.93,1603472405
Srednekolymsk,67.45,153.68,13.89,90,17,RU,1.77,1603472571
Nikolskoye,59.7,30.79,50.0,81,75,RU,15.66,1603472044
Bluff,-46.6,168.33,50.94,75,96,NZ,14.07,1603472112
Fallon,39.47,-118.78,43.0,34,40,US,3.36,1603472636
Cananea,30.95,-110.3,73.99,49,0,MX,5.99,1603472636
Clyde river,70.47,-68.59,19.4,85,90,CA,5.82,1603472242
Talnakh,69.49,88.4,-2.2,84,40,RU,8.95,1603472375
Rikitea,-23.12,-134.97,73.81,79,39,PF,4.61,1603472636
Saint-pierre,-21.34,55.48,73.4,78,0,RE,14.99,1603472636
Tynda,55.17,124.72,13.75,94,1,RU,2.19,1603472637
Channagiri,14.03,75.93,69.13,93,88,IN,6.4,1603472637
Castro,-42.47,-73.77,57.99,71,75,CL,12.75,1603472375
Rikitea,-23.12,-134.97,73.81,79,39,PF,4.61,1603472636
Brae,60.4,-1.35,46.4,93,75,GB,11.41,1603472587
Saint george,32.38,-64.68,80.6,78,40,BM,20.8,1603472047
Puerto ayora,-0.74,-90.35,75.2,78,75,EC,12.75,1603472048
Camopi,3.17,-52.32,97.3,33,59,GF,1.95,1603472637
Ushuaia,-54.8,-68.3,48.2,53,20,AR,18.34,1603472043
Vestmannaeyjar,63.44,-20.27,44.6,87,75,IS,23.04,1603472638
Barrow,71.29,-156.79,32.0,98,90,US,6.93,1603472309
Moundou,8.57,16.08,80.46,63,33,TD,2.08,1603472638
Bredasdorp,-34.53,20.04,72.0,79,41,ZA,4,1603472044
Severo-kurilsk,50.68,156.12,45.7,85,100,RU,21.09,1603472179
Ushuaia,-54.8,-68.3,48.2,53,20,AR,18.34,1603472043
Hastings,-39.64,176.85,53.28,88,20,NZ,3.87,1603472367
Punta arenas,-53.15,-70.92,44.6,70,75,CL,6.93,1603472110
Bluff,-46.6,168.33,50.94,75,96,NZ,14.07,1603472112
Mar del plata,-38,-57.56,60.8,87,75,AR,5.82,1603472194
Rikitea,-23.12,-134.97,73.81,79,39,PF,4.61,1603472636
Tessalit,20.2,1.01,95.81,10,0,ML,11.18,1603472639
Basco,20.45,121.97,78.33,87,100,PH,37.09,1603472639
Middelburg,-25.78,29.46,78.33,30,59,ZA,10,1603472639
Ilulissat,69.22,-51.1,21.2,67,75,GL,5.82,1603472362
Taoudenni,22.68,-3.98,100.54,8,0,ML,3.69,1603472639
Cape town,-33.93,18.42,66.99,88,75,ZA,11.41,1603472371
Rikitea,-23.12,-134.97,73.81,79,39,PF,4.61,1603472636
New norfolk,-42.78,147.06,54.0,80,100,AU,1.01,1603472372
Severo-kurilsk,50.68,156.12,45.7,85,100,RU,21.09,1603472179
Sao joao da barra,-21.64,-41.05,82.4,45,75,BR,11.41,1603472639
Bluff,-46.6,168.33,50.94,75,96,NZ,14.07,1603472112
Kapaa,22.08,-159.32,73.4,94,20,US,3.36,1603471944
Jamestown,-15.94,-5.72,60.24,91,17,SH,14.58,1603472048
Rikitea,-23.12,-134.97,73.81,79,39,PF,4.61,1603472636
Grand junction,39.06,-108.55,51.01,24,1,US,3.36,1603472640
Vrangel,42.73,133.08,37.36,74,0,RU,21.59,1603472640
Yeppoon,-23.13,150.73,71.6,83,40,AU,1.12,1603472604
Mae hong son,19.3,97.97,72.18,87,86,TH,1.63,1603472466
Provideniya,64.38,-173.3,33.64,91,100,RU,14.61,1603472175
Carnarvon,-24.87,113.63,69.8,68,0,AU,11.41,1603472573
Hilo,19.73,-155.09,71.6,78,1,US,3.36,1603472133
Victoria,-4.62,55.45,84.2,74,20,SC,4.7,1603472735
Bredasdorp,-34.53,20.04,71.01,79,41,ZA,7,1603472925
Mwaya,-9.55,33.95,79.83,62,13,TZ,2.39,1603472925
Ushuaia,-54.8,-68.3,48.2,53,20,AR,18.34,1603472925
Maldonado,-34.67,-54.92,72.0,78,40,UY,8.05,1603472926
Kangaatsiaq,68.31,-53.46,24.67,93,59,GL,4.25,1603472926
Sitrah,26.15,50.62,82.4,61,0,BH,3.36,1603472926
Jamestown,-15.94,-5.72,60.24,91,17,SH,14.58,1603472926
Butaritari,3.07,172.79,81.93,73,92,KI,12.57,1603472926
Shitanjing,39.23,106.34,46.38,52,48,CN,9.78,1603472653
Laguna,-28.48,-48.78,72.39,78,98,BR,21.74,1603472719
Carnarvon,-24.87,113.63,69.8,68,0,AU,11.41,1603472573
Zwedru,6.07,-8.13,80.17,89,98,LR,2.89,1603472927
Albany,-35.02,117.89,48.2,87,90,AU,4.97,1603472679
Cedar city,37.68,-113.06,37.4,34,1,US,4.7,1603472781
Ewo,-0.87,14.82,78.6,76,53,CG,3.31,1603472927
Jamestown,-15.94,-5.72,60.24,91,17,SH,14.58,1603472926
Severo-kurilsk,50.68,156.12,45.7,85,100,RU,21.09,1603472927
Torbay,47.67,-52.73,46.0,65,75,CA,11.41,1603472715
Maumere,-8.62,122.21,80.31,79,96,ID,5.39,1603472928
Butaritari,3.07,172.79,81.93,73,92,KI,12.57,1603472926
Clyde river,70.47,-68.59,19.4,85,90,CA,5.82,1603472928
Cherskiy,68.75,161.3,17.83,94,81,RU,5.03,1603472928
Baruun-urt,46.68,113.28,32.16,83,0,MN,8.88,1603472928
Vaini,-21.2,-175.2,69.8,94,20,TO,6.93,1603472928
Tuktoyaktuk,69.45,-133.04,23.0,85,75,CA,10.29,1603472929
Ushuaia,-54.8,-68.3,48.2,53,20,AR,18.34,1603472925
New norfolk,-42.78,147.06,54.0,80,100,AU,1.01,1603472372
Hasaki,35.73,140.83,60.8,93,75,JP,3.36,1603472929
Hastings,-39.64,176.85,53.28,88,20,NZ,3.87,1603472367
New norfolk,-42.78,147.06,54.0,80,100,AU,1.01,1603472372
Rikitea,-23.12,-134.97,73.81,79,39,PF,4.61,1603472636
Hithadhoo,-0.6,73.08,82.83,77,0,MV,11.39,1603472650
Avarua,-21.21,-159.78,73.4,78,94,CK,12.75,1603472930
Pundaguitan,6.37,126.17,81.84,78,100,PH,8.28,1603472930
Millinocket,45.66,-68.71,51.8,76,90,US,5.82,1603472931
Mahenge,-8.68,36.72,73.13,59,11,TZ,2.35,1603472931
Maun,-19.98,23.42,95.0,17,0,BW,16.11,1603472931
Saint george,32.38,-64.68,80.6,78,40,BM,20.8,1603472704
Erenhot,43.65,111.98,40.32,58,0,CN,7.47,1603472931
Te anau,-45.42,167.72,45.61,83,89,NZ,4.81,1603472931
Barrow,71.29,-156.79,32.0,98,90,US,6.93,1603472932
Ponta do sol,17.2,-25.09,87.8,58,40,CV,26.4,1603472932
Puerto ayora,-0.74,-90.35,75.2,78,75,EC,12.75,1603472932
Albany,-35.02,117.89,48.2,87,90,AU,4.97,1603472679
Albany,-35.02,117.89,48.2,87,90,AU,4.97,1603472679
Cherskiy,68.75,161.3,17.83,94,81,RU,5.03,1603472928
Olinda,-8.01,-34.86,84.2,74,40,BR,14.99,1603472885
Pisco,-13.7,-76.22,66.99,77,20,PE,9.17,1603472932
Thompson,55.74,-97.86,21.2,73,90,CA,10.29,1603472373
East london,-33.02,27.91,71.6,83,20,ZA,17.22,1603472993
Ponta do sol,17.2,-25.09,87.8,58,40,CV,26.4,1603472932
Kodiak,57.79,-152.41,44.6,93,90,US,24.16,1603472993
Katobu,-4.94,122.53,77.0,87,20,ID,3.6,1603472993
Salalah,17.02,54.09,82.4,42,0,OM,3.36,1603472993
Puerto ayora,-0.74,-90.35,75.2,78,75,EC,12.75,1603472932
Beatrice,40.27,-96.75,39.2,65,90,US,17.22,1603472993
Kavieng,-2.57,150.8,81.91,67,3,PG,5.35,1603472993
Port lincoln,-34.73,135.87,53.62,75,39,AU,14.85,1603472993
Hirara,24.8,125.28,72.7,74,97,JP,24.63,1603472994
Barrow,71.29,-156.79,32.0,98,90,US,6.93,1603472932
Saskylakh,71.92,114.08,20.52,97,100,RU,8.57,1603472994
Carnarvon,-24.87,113.63,69.8,68,0,AU,11.41,1603472573
Tasiilaq,65.61,-37.64,35.6,51,75,GL,5.82,1603472994
Lavrentiya,65.58,-171,33.8,90,79,RU,9.78,1603472994
Albany,-35.02,117.89,48.2,87,90,AU,4.97,1603472679
General roca,-39.03,-67.58,73.4,56,0,AR,6.93,1603472994
Banda aceh,5.56,95.32,81.27,75,99,ID,6.11,1603472995
Craig,40.52,-107.55,21.2,79,1,US,0.87,1603472995
Kudahuvadhoo,2.67,72.89,82.8,78,7,MV,11.52,1603472995
Uige,-7.61,15.06,89.6,43,75,AO,11.41,1603472995
Ushuaia,-54.8,-68.3,48.2,53,20,AR,18.34,1603472925
Albany,-35.02,117.89,48.2,87,90,AU,4.97,1603472679
Salalah,17.02,54.09,82.4,42,0,OM,3.36,1603472993
Busselton,-33.65,115.33,55.99,40,0,AU,13.4,1603472995
Cape town,-33.93,18.42,66.99,88,75,ZA,11.41,1603472996
Saint-philippe,-21.36,55.77,73.4,78,0,RE,14.99,1603472996
Tuktoyaktuk,69.45,-133.04,23.0,85,75,CA,10.29,1603472929
Marang,5.21,103.21,77.0,94,40,MY,1.12,1603472996
Rikitea,-23.12,-134.97,73.81,79,39,PF,4.61,1603472636
Kapaa,22.08,-159.32,73.4,94,20,US,3.36,1603472996
Bluff,-46.6,168.33,50.94,75,96,NZ,14.07,1603472996
Bluff,-46.6,168.33,50.94,75,96,NZ,14.07,1603472996
Posse,-14.09,-46.37,88.29,37,99,BR,3.87,1603472997
Rikitea,-23.12,-134.97,73.81,79,39,PF,4.61,1603472636
Gidam,18.98,81.4,69.93,76,89,IN,2.57,1603472997
Albany,-35.02,117.89,48.2,87,90,AU,4.97,1603472679
Beringovskiy,63.05,179.32,34.09,90,53,RU,21.14,1603472997
Souillac,-20.52,57.52,75.2,69,40,MU,11.41,1603472997
Arraial do cabo,-22.97,-42.03,78.8,57,20,BR,18.34,1603472997
Severo-kurilsk,50.68,156.12,45.7,85,100,RU,21.09,1603472927
Qidong,31.81,121.66,57.0,66,8,CN,8.97,1603472998
Castro,-42.47,-73.77,57.99,71,75,CL,12.75,1603472998
Vaini,-21.2,-175.2,69.8,94,20,TO,6.93,1603472928
Yellowknife,62.46,-114.35,21.99,92,75,CA,8.05,1603472941
Jiazi,22.88,116.07,70.18,54,100,CN,25.9,1603472998
Puerto ayora,-0.74,-90.35,75.2,78,75,EC,12.75,1603472932
Chokurdakh,70.63,147.92,6.6,91,44,RU,6.06,1603472998
Atuona,-9.8,-139.03,77.54,79,21,PF,21.72,1603472506
Kaitangata,-46.28,169.85,48.81,93,93,NZ,3.85,1603472999
Jamestown,-15.94,-5.72,60.24,91,17,SH,14.58,1603472926
Ushuaia,-54.8,-68.3,48.2,53,20,AR,18.34,1603472925
Madimba,-10.4,40.33,78.8,78,20,TZ,11.41,1603473059
Isiro,2.77,27.62,70.47,95,95,CD,0.81,1603473059
Cap-aux-meules,47.38,-61.86,44.6,56,75,CA,8.05,1603473059
Kapaa,22.08,-159.32,73.4,94,20,US,3.36,1603472996
Leh,34.17,77.58,35.64,63,64,IN,3.29,1603473060
Salemi,37.82,12.81,73.4,73,0,IT,12.75,1603473060
Saint-philippe,-21.36,55.77,73.4,78,0,RE,14.99,1603472996
Karratha,-20.74,116.85,69.37,67,0,AU,16.17,1603473060
Kodiak,57.79,-152.41,44.6,93,90,US,24.16,1603472993
Arcata,40.87,-124.08,46.4,93,1,US,3.44,1603472917
Hithadhoo,-0.6,73.08,82.83,77,0,MV,11.39,1603472650
Guarapari,-20.67,-40.5,78.01,73,40,BR,10.29,1603473061
Kapit,2.02,112.93,73.71,95,100,MY,2.21,1603473061
Kutum,14.2,24.67,81.99,15,0,SD,7.27,1603473061
Busselton,-33.65,115.33,55.99,40,0,AU,13.4,1603472995
Touros,-5.2,-35.46,84.2,70,75,BR,17.22,1603473062
Maxixe,-23.86,35.35,75.2,69,40,MZ,13.87,1603473062
Ilulissat,69.22,-51.1,23.0,67,75,GL,4.7,1603473062
Shimoda,34.67,138.95,59.0,77,75,JP,6.93,1603473062
Busselton,-33.65,115.33,55.99,40,0,AU,13.4,1603472995
Huilong,31.81,121.66,57.0,66,8,CN,8.97,1603472998
Mecca,21.43,39.83,80.2,33,0,SA,1.72,1603473063
Vaini,-21.2,-175.2,69.8,94,20,TO,6.93,1603472928
Atuona,-9.8,-139.03,77.54,79,21,PF,21.72,1603472506
Hermanus,-34.42,19.23,71.01,79,15,ZA,7,1603473063
Zhanaozen,43.3,52.8,50.63,46,1,KZ,8.84,1603473063
Qaanaaq,77.48,-69.36,20.05,94,100,GL,9.6,1603473063
Ternate,0.8,127.4,81.01,80,21,ID,0.83,1603473064
Sainte-anne-des-monts,49.12,-66.49,42.58,68,96,CA,6.85,1603473064
Bethel,41.37,-73.41,64.99,93,90,US,8.05,1603473015
Belyy yar,53.6,91.39,28.4,100,99,RU,2.24,1603473064
Albany,-35.02,117.89,48.2,87,90,AU,4.97,1603472679
Moulins,46.5,3.33,57.2,87,0,FR,3.36,1603473064
Norman wells,65.28,-126.83,21.2,92,90,CA,4.7,1603472506
Biltine,14.53,20.92,90.75,11,0,TD,8.88,1603473064
Port alfred,-33.59,26.89,75.99,70,65,ZA,11.21,1603473064
Dwarka,22.24,68.97,83.23,59,0,IN,7.02,1603473064
Puerto ayora,-0.74,-90.35,75.2,78,75,EC,12.75,1603472932
Tame,6.46,-71.73,85.12,71,11,CO,3.4,1603473065
Ovalle,-30.6,-71.2,80.89,24,2,CL,8.68,1603472825
Ilulissat,69.22,-51.1,23.0,67,75,GL,4.7,1603473062
Port macquarie,-31.43,152.92,69.8,88,40,AU,10.29,1603472575
Hermanus,-34.42,19.23,71.01,79,15,ZA,7,1603473063
Punta arenas,-53.15,-70.92,44.6,70,75,CL,6.93,1603472987
Ojinaga,29.57,-104.42,82.0,26,1,MX,3.36,1603473065
Busselton,-33.65,115.33,55.99,40,0,AU,13.4,1603472995
Cape town,-33.93,18.42,66.99,88,75,ZA,11.41,1603472996
Pangnirtung,66.15,-65.71,26.6,92,90,CA,3.36,1603473066
Balikpapan,-1.27,116.83,77.9,88,78,ID,4.21,1603473032
Cape town,-33.93,18.42,66.99,88,75,ZA,11.41,1603472996
Viedma,-40.81,-63,77.0,48,0,AR,7,1603473005
Dikson,73.51,80.55,23.43,95,100,RU,15.28,1603473127
Alyangula,-13.85,136.42,82.4,78,64,AU,10.29,1603473127
Albany,-35.02,117.89,48.2,87,90,AU,4.97,1603472679
Tiksi,71.69,128.87,17.74,97,100,RU,8.16,1603473127
Atuona,-9.8,-139.03,77.54,79,21,PF,21.72,1603473127
Rikitea,-23.12,-134.97,73.81,79,39,PF,4.61,1603472636
Itarema,-2.92,-39.92,87.06,58,71,BR,18.97,1603473127
Fortuna,40.6,-124.16,46.4,81,1,US,4.34,1603473127
Trairi,-3.28,-39.27,87.21,58,40,BR,16.06,1603473055
East london,-33.02,27.91,71.6,83,20,ZA,17.22,1603472993
Baoqing,46.33,132.21,32.2,91,100,CN,21.43,1603472850
Odessa,31.85,-102.37,51.01,61,90,US,19.46,1603472970
Atuona,-9.8,-139.03,77.54,79,21,PF,21.72,1603473127
Viedma,-40.81,-63,77.0,48,0,AR,7,1603473005
Kapaa,22.08,-159.32,73.4,94,20,US,3.36,1603472996
Bambous virieux,-20.34,57.76,73.4,73,20,MU,8.05,1603473128
Atuona,-9.8,-139.03,77.54,79,21,PF,21.72,1603473127
Vaini,-21.2,-175.2,69.8,94,20,TO,6.93,1603472928
Saint-marc,19.11,-72.69,86.05,61,96,HT,3.27,1603473129
Qaanaaq,77.48,-69.36,20.05,94,100,GL,9.6,1603473063
Oliveira dos brejinhos,-12.32,-42.9,92.97,29,47,BR,5.37,1603473129
Upernavik,72.79,-56.15,21.42,96,100,GL,8.48,1603473129
Bethel,41.37,-73.41,64.99,93,90,US,8.05,1603473015
Kapaa,22.08,-159.32,73.4,94,20,US,3.36,1603472996
Maragogi,-9.01,-35.22,81.32,70,0,BR,11.3,1603473129
Carnarvon,-24.87,113.63,69.8,68,0,AU,11.41,1603472573
Saskylakh,71.92,114.08,20.52,97,100,RU,8.57,1603472994
Castro,-42.47,-73.77,57.99,71,75,CL,12.75,1603472998
Le port,-20.94,55.29,73.4,69,75,RE,8.05,1603473130
Darhan,49.49,105.92,36.14,76,28,MN,0.65,1603473130
Atuona,-9.8,-139.03,77.54,79,21,PF,21.72,1603473127
Hobart,-42.88,147.33,54.0,81,90,AU,3.36,1603472980
Yellowknife,62.46,-114.35,21.99,92,75,CA,8.05,1603472941
Bambous virieux,-20.34,57.76,73.4,73,20,MU,8.05,1603473128
Sibu,2.3,111.82,77.0,94,40,MY,5.82,1603473130
Pevek,69.7,170.31,26.91,95,5,RU,13.56,1603473130
Borovoy,55.43,86.08,28.4,74,40,RU,6.71,1603473131
Port elizabeth,-33.92,25.57,66.2,93,20,ZA,17.22,1603473131
Borgarnes,64.54,-21.92,44.6,75,75,IS,18.34,1603473131
Longyearbyen,78.22,15.64,17.6,78,20,SJ,3.36,1603473131
Bloemfontein,-29.12,26.21,82.4,21,0,ZA,5.82,1603473100
Ushuaia,-54.8,-68.3,48.2,53,20,AR,18.34,1603472925
San patricio,19.22,-104.7,89.6,75,40,MX,2.89,1603472571
Bokoro,12.38,17.06,91.71,14,80,TD,6.06,1603473131
Te anau,-45.42,167.72,45.61,83,89,NZ,4.81,1603472931
Nantucket,41.28,-70.1,68.0,52,1,US,6.93,1603473132
Ushuaia,-54.8,-68.3,48.2,53,20,AR,18.34,1603472925
Klaksvik,62.23,-6.59,44.6,93,100,FO,9.17,1603473192
Castro,-42.47,-73.77,57.99,71,75,CL,12.75,1603472998
Mar del plata,-38,-57.56,60.8,87,75,AR,5.82,1603473192
Jamestown,-15.94,-5.72,60.24,91,17,SH,14.58,1603472926
Yerbogachen,61.28,108.01,25.5,97,66,RU,5.37,1603473192
Rikitea,-23.12,-134.97,73.81,79,39,PF,4.61,1603472636
Lebu,-37.62,-73.65,55.63,63,96,CL,7.47,1603473193
Marawi,18.48,31.82,89.73,12,0,SD,7.65,1603473193
Koungou,-12.73,45.2,80.6,78,90,YT,4.7,1603473193
Alyangula,-13.85,136.42,82.4,78,64,AU,10.29,1603473127
Kahului,20.89,-156.47,73.0,64,1,US,5.82,1603472975
Payson,40.04,-111.73,43.0,47,75,US,5.82,1603473193
Lugo,43,-7.5,57.99,83,83,ES,4.68,1603473193
Aksarka,66.56,67.8,15.39,95,53,RU,8.93,1603473193
Aripuana,-9.17,-60.63,91.08,48,100,BR,0.69,1603473194
Georgetown,-7.93,-14.42,74.12,79,100,SH,16.42,1603473194
Hilo,19.73,-155.09,72.0,78,1,US,3.36,1603473194
Busselton,-33.65,115.33,55.99,40,0,AU,13.4,1603472995
San rafael,-34.62,-68.33,81.14,33,19,AR,9.4,1603473162
Novo aripuana,-5.12,-60.38,93.49,46,44,BR,2.73,1603473194
Newton abbot,50.53,-3.61,54.0,82,84,GB,9.22,1603473090
Souillac,-20.52,57.52,75.2,69,40,MU,11.41,1603472997
Guerrero negro,27.98,-114.06,71.94,61,44,MX,10.09,1603473194
San luis,-33.3,-66.34,83.95,30,4,AR,2.62,1603473194
Ushuaia,-54.8,-68.3,48.2,53,20,AR,18.34,1603472925
Busselton,-33.65,115.33,55.99,40,0,AU,13.4,1603472995
Punta arenas,-53.15,-70.92,44.6,70,75,CL,6.93,1603472987
Carnarvon,-24.87,113.63,69.8,68,0,AU,11.41,1603473065
Agadez,19.75,10.25,79.84,16,0,NE,6.24,1603473195
Ponta do sol,17.2,-25.09,87.8,58,40,CV,26.4,1603472932
Solnechnyy,50.72,136.63,28.89,97,100,RU,23.06,1603473195
Leningradskiy,69.38,178.42,23.5,90,0,RU,4.63,1603473195
Chokurdakh,70.63,147.92,6.6,91,44,RU,6.06,1603472998
Punta arenas,-53.15,-70.92,44.6,70,75,CL,6.93,1603472987
Busselton,-33.65,115.33,55.99,40,0,AU,13.4,1603472995
Jamestown,-15.94,-5.72,60.24,91,17,SH,14.58,1603472926
Constitucion,23.99,-104.67,73.0,45,5,MX,3.4,1603473196
Cayenne,4.93,-52.33,91.4,55,40,GF,6.93,1603473196
Road town,18.42,-64.62,87.8,74,40,VG,13.87,1603473196
Catamarca,-28.47,-65.79,88.0,60,6,AR,1.99,1603473152
Hobart,-42.88,147.33,54.0,81,90,AU,3.36,1603472980
Riyadh,24.69,46.72,78.8,19,0,SA,5.82,1603473082
Manado,1.49,124.85,75.2,94,20,ID,1.12,1603473197
Sawakin,19.11,37.33,83.3,64,0,SD,6.87,1603473197
Shingu,33.73,135.98,52.9,83,0,JP,6.2,1603473197
Lahaina,20.88,-156.68,73.0,64,1,US,5.82,1603473197
Udachnyy,66.42,112.4,23.0,62,90,RU,17.9,1603472907
Cherskiy,68.75,161.3,17.83,94,81,RU,5.03,1603472928
Hermanus,-34.42,19.23,71.01,79,15,ZA,7,1603473063
Mar del plata,-38,-57.56,60.8,87,75,AR,5.82,1603473192
Geraldton,-28.77,114.6,64.4,63,0,AU,10.29,1603473257
Brora,58.01,-3.85,50.0,81,20,GB,8.05,1603473258
Batemans bay,-35.72,150.18,64.0,94,100,AU,1.01,1603473258
Yerofey pavlovich,53.97,121.97,25.65,91,0,RU,2.57,1603473258
Tamiahua,21.27,-97.45,82.35,67,9,MX,3.96,1603473258
Udachnyy,66.42,112.4,23.0,62,90,RU,17.9,1603472907
Severo-kurilsk,50.68,156.12,45.7,85,100,RU,21.09,1603472927
Guerrero negro,27.98,-114.06,71.94,61,44,MX,10.09,1603473194
Tumsar,21.38,79.73,72.88,69,27,IN,2.8,1603473258
Chibombo,-14.66,28.07,78.22,26,11,ZM,7.52,1603473258
Jamestown,-15.94,-5.72,60.24,91,17,SH,14.58,1603472926
Mahebourg,-20.41,57.7,73.4,73,20,MU,8.05,1603473259
Barrow,71.29,-156.79,32.0,98,90,US,6.93,1603472932
Vaini,-21.2,-175.2,69.8,94,20,TO,6.93,1603472928
Isla mujeres,21.23,-86.73,86.0,74,75,MX,1.1,1603473075
Butaritari,3.07,172.79,81.93,73,92,KI,12.57,1603472926
Qaanaaq,77.48,-69.36,20.05,94,100,GL,9.6,1603473063
Mount isa,-20.73,139.5,66.2,100,26,AU,1.12,1603473259
Katsuura,35.13,140.3,64.4,59,20,JP,13.87,1603473129
New norfolk,-42.78,147.06,54.0,76,100,AU,1.99,1603473260
Hilo,19.73,-155.09,72.0,78,1,US,3.36,1603473194
Laguna,-28.48,-48.78,72.39,78,98,BR,21.74,1603472719
Te anau,-45.42,167.72,45.61,83,89,NZ,4.81,1603472931
Palmer,42.16,-72.33,68.0,100,90,US,4.7,1603473260
Carnarvon,-24.87,113.63,69.8,68,0,AU,11.41,1603473065
Orissaare,58.56,23.08,46.0,93,75,EE,5.82,1603473260
